,uuid,timestamp_qual_start,timestamp_start,qual_obj_temp,qual_amb_temp,timestamp_qual_end,timestamp_end,start_date,end_date
0,54f145d2-e871-4bb9-8f9f-ee72e2ced9cd,2022-01-27 09:16:21.688684,2022-01-27 09:15:54.499085,19.0,19.0,2022-01-27 09:16:31.809625,2022-01-27 09:16:57.162335,2022-01-27,2022-01-27
1,a3ec2e1f-fa73-4c7c-9b2b-76c11e607ded,2022-01-27 09:17:59.504191,2022-01-27 09:17:32.314592,20.1,20.1,2022-01-27 09:18:09.625132,2022-01-27 09:18:34.977842,2022-01-27,2022-01-27
2,3fad8ca6-c3f5-4646-8d13-4d12c23bce4b,2022-01-27 09:20:07.455048,2022-01-27 09:19:40.265449,20.2,20.2,2022-01-27 09:20:17.575989,2022-01-27 09:20:42.928699,2022-01-27,2022-01-27
3,c047f085-5295-487c-983b-822973db31d8,2022-01-27 09:21:44.876556,2022-01-27 09:21:17.686957,18.9,18.9,2022-01-27 09:21:54.997497,2022-01-27 09:22:20.350207,2022-01-27,2022-01-27
4,d635cbe2-f5dc-4bc2-af97-b7dfb4f52dbc,2022-01-27 09:23:22.772306,2022-01-27 09:22:55.582707,20.0,20.0,2022-01-27 09:23:32.893247,2022-01-27 09:23:58.245957,2022-01-27,2022-01-27
5,9353e595-3e50-4b7f-a837-3179e90bc280,2022-01-27 09:24:59.877861,2022-01-27 09:24:32.688262,18.3,18.3,2022-01-27 09:25:09.998802,2022-01-27 09:25:35.351512,2022-01-27,2022-01-27
6,2c00d197-8706-4f91-b693-d69ca3453282,2022-01-27 09:26:38.333524,2022-01-27 09:26:11.143925,24.3,24.3,2022-01-27 09:26:48.454465,2022-01-27 09:27:13.807175,2022-01-27,2022-01-27
7,127a427b-c41b-4d80-912c-a8071ec1d62e,2022-01-27 09:28:16.197141,2022-01-27 09:27:49.007542,19.0,19.0,2022-01-27 09:28:26.318082,2022-01-27 09:28:51.670792,2022-01-27,2022-01-27
8,5d92230e-1a76-45f9-a999-e21f7bc46cb4,2022-01-27 09:30:15.464156,2022-01-27 09:29:48.274557,25.0,25.0,2022-01-27 09:30:25.585097,2022-01-27 09:30:50.937807,2022-01-27,2022-01-27
9,a8a6bf06-2160-4aed-8bf4-51b2c3452a0b,2022-01-27 09:32:17.555289,2022-01-27 09:31:50.365690,20.4,20.4,2022-01-27 09:32:27.676230,2022-01-27 09:32:53.028940,2022-01-27,2022-01-27
10,1fd97a4f-52b5-44b1-99ca-bbd1265a38f6,2022-01-27 09:33:54.756874,2022-01-27 09:33:27.567275,20.7,20.7,2022-01-27 09:34:04.877815,2022-01-27 09:34:30.230525,2022-01-27,2022-01-27
11,0baf0a82-b664-49a6-b761-f6d92d635773,2022-01-27 09:35:32.902530,2022-01-27 09:35:05.712931,20.6,20.6,2022-01-27 09:35:43.023471,2022-01-27 09:36:08.376181,2022-01-27,2022-01-27
12,1757b9d1-20c2-43c3-8d29-1cbe1fdf413b,2022-01-27 09:37:10.424217,2022-01-27 09:36:43.234618,25.7,25.7,2022-01-27 09:37:20.545158,2022-01-27 09:37:45.897868,2022-01-27,2022-01-27
13,0eae743f-d431-4c83-b376-692607138147,2022-01-27 09:39:00.417633,2022-01-27 09:38:33.228034,25.4,25.4,2022-01-27 09:39:10.538574,2022-01-27 09:39:35.891284,2022-01-27,2022-01-27
14,ae09f33c-dd60-4295-901a-06d6515f9a09,2022-01-27 09:40:37.893244,2022-01-27 09:40:10.703645,25.5,25.5,2022-01-27 09:40:48.014185,2022-01-27 09:41:13.366895,2022-01-27,2022-01-27
15,18b87675-a09b-4ebb-b21b-87128e5d0fc0,2022-01-27 09:42:15.607051,2022-01-27 09:41:48.417452,25.5,25.5,2022-01-27 09:42:25.727992,2022-01-27 09:42:51.080702,2022-01-27,2022-01-27
16,8b8c606e-a5fb-4e4f-872d-0747b03a335f,2022-01-27 09:43:53.460724,2022-01-27 09:43:26.271125,19.3,25.7,2022-01-27 09:44:03.581665,2022-01-27 09:44:28.934375,2022-01-27,2022-01-27
17,db81600b-0ccf-46eb-a808-cf99aa061515,2022-01-27 09:45:31.522306,2022-01-27 09:45:04.332707,20.3,20.3,2022-01-27 09:45:41.643247,2022-01-27 09:46:06.995957,2022-01-27,2022-01-27
18,2b93a06a-e418-4876-aa32-1ba995d97ee1,2022-01-27 09:47:08.905985,2022-01-27 09:46:41.716386,20.2,20.2,2022-01-27 09:47:19.026926,2022-01-27 09:47:44.379636,2022-01-27,2022-01-27
19,dd2dcb65-a7f3-496d-908c-16615c46486e,2022-01-27 09:48:46.155717,2022-01-27 09:48:18.966118,25.9,25.9,2022-01-27 09:48:56.276658,2022-01-27 09:49:21.629368,2022-01-27,2022-01-27
20,892fc4ca-343d-47e8-b959-f9857ee1419c,2022-01-27 09:50:23.789303,2022-01-27 09:49:56.599704,20.1,20.1,2022-01-27 09:50:33.910244,2022-01-27 09:50:59.262954,2022-01-27,2022-01-27
21,fecffa35-bfde-416c-9a80-5572d98f8d64,2022-01-27 09:52:48.217845,2022-01-27 09:52:21.028246,26.4,26.4,2022-01-27 09:52:58.338786,2022-01-27 09:53:23.691496,2022-01-27,2022-01-27
22,6be3028e-4393-4095-a662-5d849a9798fb,2022-01-27 09:54:26.167513,2022-01-27 09:53:58.977914,19.4,19.4,2022-01-27 09:54:36.288454,2022-01-27 09:55:01.641164,2022-01-27,2022-01-27
23,71e6fdb9-cf48-4d7c-86ff-2a35fe47570b,2022-01-27 09:56:03.535129,2022-01-27 09:55:36.345530,21.4,21.4,2022-01-27 09:56:13.656070,2022-01-27 09:56:39.008780,2022-01-27,2022-01-27
24,b222d96e-cd2e-4e8a-8e06-41e04ce2df27,2022-01-27 09:57:40.844853,2022-01-27 09:57:13.655254,25.9,25.9,2022-01-27 09:57:50.965794,2022-01-27 09:58:16.318504,2022-01-27,2022-01-27
25,8c45a87c-5508-4585-85f4-201d5266d554,2022-01-27 09:59:18.550319,2022-01-27 09:58:51.360720,26.5,26.5,2022-01-27 09:59:28.671260,2022-01-27 09:59:54.023970,2022-01-27,2022-01-27
26,1fc9cdb0-5804-4f9a-a462-f708627fe584,2022-01-27 10:00:56.103930,2022-01-27 10:00:28.914331,25.9,25.9,2022-01-27 10:01:06.224871,2022-01-27 10:01:31.577581,2022-01-27,2022-01-27
27,ae43247e-7159-404f-af1d-6e16c3b77605,2022-01-27 10:02:33.885546,2022-01-27 10:02:06.695947,21.3,21.3,2022-01-27 10:02:44.006487,2022-01-27 10:03:09.359197,2022-01-27,2022-01-27
28,0de65557-2208-4796-b402-de70de0e0f30,2022-01-27 10:04:33.584597,2022-01-27 10:04:06.394998,19.6,19.6,2022-01-27 10:04:43.705538,2022-01-27 10:05:09.058248,2022-01-27,2022-01-27
29,b07c18e8-c3e2-48a2-8aac-769a2260bb6d,2022-01-27 10:06:10.978214,2022-01-27 10:05:43.788615,28.1,28.1,2022-01-27 10:06:21.099155,2022-01-27 10:06:46.451865,2022-01-27,2022-01-27
30,a497a745-69a8-4cf5-8756-6bac289cb08b,2022-01-27 10:07:48.631986,2022-01-27 10:07:21.442387,20.7,20.7,2022-01-27 10:07:58.752927,2022-01-27 10:08:24.105637,2022-01-27,2022-01-27
31,875d63cf-1926-42cb-bcc2-7605a41b5e27,2022-01-27 10:09:25.925666,2022-01-27 10:08:58.736067,22.8,22.8,2022-01-27 10:09:36.046607,2022-01-27 10:10:01.399317,2022-01-27,2022-01-27
32,10a5fc4e-4b1d-489b-b735-cf606b629d51,2022-01-27 10:11:03.885327,2022-01-27 10:10:36.695728,21.5,21.5,2022-01-27 10:11:14.006268,2022-01-27 10:11:39.358978,2022-01-27,2022-01-27
33,5da8e8e2-8a24-4452-ae1b-51b04deaf813,2022-01-27 10:12:40.981053,2022-01-27 10:12:13.791454,21.0,21.0,2022-01-27 10:12:51.101994,2022-01-27 10:13:16.454704,2022-01-27,2022-01-27
34,14d5510b-7ee0-4cb2-8c22-39ec168780f3,2022-01-27 10:14:17.918803,2022-01-27 10:13:50.729204,29.5,29.5,2022-01-27 10:14:28.039744,2022-01-27 10:14:53.392454,2022-01-27,2022-01-27
35,c12c6879-3bd1-4fc6-9ba0-3303d6e6a029,2022-01-27 10:15:55.634580,2022-01-27 10:15:28.444981,29.6,29.6,2022-01-27 10:16:05.755521,2022-01-27 10:16:31.108231,2022-01-27,2022-01-27
36,95fed411-0495-4dac-99a9-4620995fd101,2022-01-27 10:17:33.216260,2022-01-27 10:17:06.026661,21.0,21.0,2022-01-27 10:17:43.337201,2022-01-27 10:18:08.689911,2022-01-27,2022-01-27
37,5fa59a1b-4b74-4730-8be0-413e0b2ed066,2022-01-27 10:19:10.675934,2022-01-27 10:18:43.486335,29.9,29.9,2022-01-27 10:19:20.796875,2022-01-27 10:19:46.149585,2022-01-27,2022-01-27
38,6c518ada-d8c0-479b-9581-f38fb455122c,2022-01-27 10:20:48.417528,2022-01-27 10:20:21.227929,20.2,20.2,2022-01-27 10:20:58.538469,2022-01-27 10:21:23.891179,2022-01-27,2022-01-27
39,9de4e943-66b8-4d80-90f8-6b52520d45c3,2022-01-27 10:22:26.276933,2022-01-27 10:21:59.087334,21.5,21.5,2022-01-27 10:22:36.397874,2022-01-27 10:23:01.750584,2022-01-27,2022-01-27
40,d7aeea8c-a1e0-4059-abb8-b674370c579e,2022-01-27 10:24:04.724680,2022-01-27 10:23:37.535081,29.8,29.8,2022-01-27 10:24:14.845621,2022-01-27 10:24:40.198331,2022-01-27,2022-01-27
41,8cddde73-9066-4390-bbfe-8877c83d4715,2022-01-27 10:25:41.772277,2022-01-27 10:25:14.582678,19.9,29.3,2022-01-27 10:25:51.893218,2022-01-27 10:26:17.245928,2022-01-27,2022-01-27
42,e0d47802-02e2-4158-a491-58ea31c9c554,2022-01-27 10:27:20.071854,2022-01-27 10:26:52.882255,21.4,21.4,2022-01-27 10:27:30.192795,2022-01-27 10:27:55.545505,2022-01-27,2022-01-27
43,de1dd96e-bc24-47c5-abd7-f1eb8851e8ca,2022-01-27 10:28:57.411373,2022-01-27 10:28:30.221774,21.2,21.2,2022-01-27 10:29:07.532314,2022-01-27 10:29:32.885024,2022-01-27,2022-01-27
44,bc66f466-1123-475b-9981-41ee31c1deea,2022-01-27 10:30:34.968990,2022-01-27 10:30:07.779391,29.6,29.6,2022-01-27 10:30:45.089931,2022-01-27 10:31:10.442641,2022-01-27,2022-01-27
45,4d06decd-d964-4234-9cd6-c75803f918d3,2022-01-27 10:32:13.822554,2022-01-27 10:31:46.632955,21.3,21.3,2022-01-27 10:32:23.943495,2022-01-27 10:32:49.296205,2022-01-27,2022-01-27
46,dd3ecd76-e98e-49df-a309-f381f6ea2b76,2022-01-27 10:33:51.376439,2022-01-27 10:33:24.186840,29.8,29.8,2022-01-27 10:34:01.497380,2022-01-27 10:34:26.850090,2022-01-27,2022-01-27
47,9655053e-62bc-43d9-8925-5d7671f9de21,2022-01-27 10:35:41.097432,2022-01-27 10:35:13.907833,27.3,27.3,2022-01-27 10:35:51.218373,2022-01-27 10:36:16.571083,2022-01-27,2022-01-27
48,4954525e-aee3-4b14-9505-fd2539087755,2022-01-27 10:37:14.263168,2022-01-27 10:36:47.073569,20.7,20.7,2022-01-27 10:37:24.384109,2022-01-27 10:37:49.736819,2022-01-27,2022-01-27
49,7521bc94-a3b0-4065-a2c6-36c19081ea55,2022-01-27 10:38:41.502898,2022-01-27 10:38:14.313299,21.2,21.2,2022-01-27 10:38:51.623839,2022-01-27 10:39:16.976549,2022-01-27,2022-01-27
50,638e811e-c911-41e9-9978-7875834e681f,2022-01-27 10:40:14.668485,2022-01-27 10:39:47.478886,28.7,28.7,2022-01-27 10:40:24.789426,2022-01-27 10:40:50.142136,2022-01-27,2022-01-27
51,3afbd049-f7c0-4b58-9f9d-4f3528a7067a,2022-01-27 10:41:47.834172,2022-01-27 10:41:20.644573,28.7,28.7,2022-01-27 10:41:57.955113,2022-01-27 10:42:23.307823,2022-01-27,2022-01-27
52,a4052d3e-0e07-4609-b731-3c13b6e2cfef,2022-01-27 10:43:20.994545,2022-01-27 10:42:53.804946,29.2,29.2,2022-01-27 10:43:31.115486,2022-01-27 10:43:56.468196,2022-01-27,2022-01-27
53,362938db-2585-4aba-94a7-9c2d2872db4f,2022-01-27 10:44:59.683415,2022-01-27 10:44:32.493816,20.2,20.2,2022-01-27 10:45:09.804356,2022-01-27 10:45:35.157066,2022-01-27,2022-01-27
54,743ad326-1011-4c3d-914f-bdf73b85d7bf,2022-01-27 10:46:37.202876,2022-01-27 10:46:10.013277,20.3,20.3,2022-01-27 10:46:47.323817,2022-01-27 10:47:12.676527,2022-01-27,2022-01-27
55,29a2b5d7-a20f-4dce-9dc1-fd14110762ed,2022-01-27 10:48:15.058529,2022-01-27 10:47:47.868930,29.5,29.5,2022-01-27 10:48:25.179470,2022-01-27 10:48:50.532180,2022-01-27,2022-01-27
56,c88486ea-bc48-4a47-97e0-24de43f32315,2022-01-27 10:49:53.142095,2022-01-27 10:49:25.952496,29.1,29.1,2022-01-27 10:50:03.263036,2022-01-27 10:50:28.615746,2022-01-27,2022-01-27
57,724e7be0-d212-4ab4-af60-f8147c5c03dc,2022-01-27 10:51:30.237840,2022-01-27 10:51:03.048241,29.0,29.0,2022-01-27 10:51:40.358781,2022-01-27 10:52:05.711491,2022-01-27,2022-01-27
58,0bf5adf0-faf0-4f71-be73-f2c372844a4e,2022-01-27 10:53:07.667363,2022-01-27 10:52:40.477764,29.3,29.3,2022-01-27 10:53:17.788304,2022-01-27 10:53:43.141014,2022-01-27,2022-01-27
59,9a74a6b8-38c7-49d7-b40b-9a2f0692c7bc,2022-01-27 10:54:45.637261,2022-01-27 10:54:18.447662,29.6,29.6,2022-01-27 10:54:55.758202,2022-01-27 10:55:21.110912,2022-01-27,2022-01-27
60,aa6c0ecf-7fbc-46a1-961a-7bb8b71c8205,2022-01-27 10:56:25.012539,2022-01-27 10:55:57.822940,20.4,20.4,2022-01-27 10:56:35.133480,2022-01-27 10:57:00.486190,2022-01-27,2022-01-27
61,a20ec038-7932-41bb-bcfa-d2ccfa30e553,2022-01-27 10:58:03.210279,2022-01-27 10:57:36.020680,20.2,20.2,2022-01-27 10:58:13.331220,2022-01-27 10:58:38.683930,2022-01-27,2022-01-27
62,9beabeaf-c33e-4ee5-a715-043053fbe856,2022-01-27 10:59:40.903999,2022-01-27 10:59:13.714400,20.2,20.2,2022-01-27 10:59:51.024940,2022-01-27 11:00:16.377650,2022-01-27,2022-01-27
63,024fe6dc-29cb-4da9-accc-d31ce0d38117,2022-01-27 11:01:18.017517,2022-01-27 11:00:50.827918,20.4,20.4,2022-01-27 11:01:28.138458,2022-01-27 11:01:53.491168,2022-01-27,2022-01-27
64,fb406211-adf6-4be2-aa47-37711cbd990d,2022-01-27 11:02:55.525040,2022-01-27 11:02:28.335441,20.4,20.4,2022-01-27 11:03:05.645981,2022-01-27 11:03:30.998691,2022-01-27,2022-01-27
65,0b213d4c-1e06-4e95-8ab1-ffc336d51b0c,2022-01-27 11:04:32.616657,2022-01-27 11:04:05.427058,22.9,30.0,2022-01-27 11:04:42.737598,2022-01-27 11:05:08.090308,2022-01-27,2022-01-27
66,d78af782-aef7-41f2-a397-85b78022faae,2022-01-27 11:06:09.940883,2022-01-27 11:05:42.751284,29.4,29.4,2022-01-27 11:06:20.061824,2022-01-27 11:06:45.414534,2022-01-27,2022-01-27
67,8862d8cd-410d-4640-8cc6-6d3b4013216a,2022-01-27 11:07:48.085992,2022-01-27 11:07:20.896393,29.8,29.8,2022-01-27 11:07:58.206933,2022-01-27 11:08:23.559643,2022-01-27,2022-01-27
68,6aa246cf-623c-44dd-a66c-3189998fe868,2022-01-27 11:09:26.081630,2022-01-27 11:08:58.892031,29.7,29.7,2022-01-27 11:09:36.202571,2022-01-27 11:10:01.555281,2022-01-27,2022-01-27
69,0eaa997c-8216-4d02-b21b-9678cfb95079,2022-01-27 11:11:03.911298,2022-01-27 11:10:36.721699,20.8,20.8,2022-01-27 11:11:14.032239,2022-01-27 11:11:39.384949,2022-01-27,2022-01-27
70,9f134d11-e0bc-474c-b4c7-c7f6b724d459,2022-01-27 11:12:41.742857,2022-01-27 11:12:14.553258,29.4,20.4,2022-01-27 11:12:51.863798,2022-01-27 11:13:17.216508,2022-01-27,2022-01-27
71,d3720596-f58a-4a6d-9a73-acd568e3bcfd,2022-01-27 11:14:19.248473,2022-01-27 11:13:52.058874,28.9,28.9,2022-01-27 11:14:29.369414,2022-01-27 11:14:54.722124,2022-01-27,2022-01-27
72,24d1b843-aeef-449c-8917-cea862ce8bfa,2022-01-27 14:21:15.718174,2022-01-27 14:20:48.528575,20.7,20.7,2022-01-27 14:21:25.839115,2022-01-27 14:21:51.191825,2022-01-27,2022-01-27
73,282d3e87-ee2d-4b1f-bf03-2efbb36ad53f,2022-01-27 14:24:17.489608,2022-01-27 14:23:50.300009,20.6,20.6,2022-01-27 14:24:27.610549,2022-01-27 14:24:52.963259,2022-01-27,2022-01-27
74,4a8cfc6b-9315-405b-820f-e82a427ed563,2022-01-27 14:28:35.767306,2022-01-27 14:28:08.577707,20.7,20.7,2022-01-27 14:28:45.888247,2022-01-27 14:29:11.240957,2022-01-27,2022-01-27
75,1f7d2da2-135a-4352-a2ce-2f18a6564a0c,2022-01-27 14:31:02.323645,2022-01-27 14:30:35.134046,20.9,20.9,2022-01-27 14:31:12.444586,2022-01-27 14:31:37.797296,2022-01-27,2022-01-27
76,059d30e5-aa67-418c-9726-cb81b94d68c4,2022-01-27 14:34:59.601631,2022-01-27 14:34:32.412032,20.9,20.9,2022-01-27 14:35:09.722572,2022-01-27 14:35:35.075282,2022-01-27,2022-01-27
77,f5ff4284-22b2-47ac-82c3-c1b0c7074b57,2022-01-27 14:37:05.840491,2022-01-27 14:36:38.650892,20.5,20.5,2022-01-27 14:37:15.961432,2022-01-27 14:37:41.314142,2022-01-27,2022-01-27
78,58e57f13-f040-4e71-8de2-9afc026881be,2022-01-27 14:39:14.719325,2022-01-27 14:38:47.529726,20.8,20.8,2022-01-27 14:39:24.840266,2022-01-27 14:39:50.192976,2022-01-27,2022-01-27
79,fb392a77-9a63-4819-8d50-5ae0a72244f3,2022-01-27 14:40:53.966843,2022-01-27 14:40:26.777244,20.9,20.9,2022-01-27 14:41:04.087784,2022-01-27 14:41:29.440494,2022-01-27,2022-01-27
80,cc171ea1-755f-452b-97bc-6bceae82ce17,2022-01-27 14:44:14.222773,2022-01-27 14:43:47.033174,20.9,20.9,2022-01-27 14:44:24.343714,2022-01-27 14:44:49.696424,2022-01-27,2022-01-27
81,13bb5261-00e5-4bfd-9366-aba16c8c2250,2022-01-27 14:45:49.380301,2022-01-27 14:45:22.190702,20.8,20.8,2022-01-27 14:45:59.501242,2022-01-27 14:46:24.853952,2022-01-27,2022-01-27
82,797d8f26-92aa-4d56-a82b-88ceb90108e4,2022-01-27 15:48:57.894547,2022-01-27 15:48:30.704948,20.5,20.5,2022-01-27 15:49:08.015488,2022-01-27 15:49:33.368198,2022-01-27,2022-01-27
83,8e8295e0-9e9b-40c0-b6f2-d132840f4fa4,2022-01-27 15:50:48.845770,2022-01-27 15:50:21.656171,20.4,20.4,2022-01-27 15:50:58.966711,2022-01-27 15:51:24.319421,2022-01-27,2022-01-27
84,3e230896-3687-4420-918f-f23360a9ae58,2022-01-27 15:52:41.608969,2022-01-27 15:52:14.419370,20.5,20.5,2022-01-27 15:52:51.729910,2022-01-27 15:53:17.082620,2022-01-27,2022-01-27
85,35d8da6d-3547-4e51-a4fc-6476f9622ca6,2022-01-27 15:54:21.052430,2022-01-27 15:53:53.862831,21.5,21.5,2022-01-27 15:54:31.173371,2022-01-27 15:54:56.526081,2022-01-27,2022-01-27
86,bdd017c1-b452-453b-b924-ac9509a39f3a,2022-01-31 09:39:26.793729,2022-01-31 09:38:59.604130,19.2,19.2,2022-01-31 09:39:36.914670,2022-01-31 09:40:02.267380,2022-01-31,2022-01-31
87,b2ee8ce1-7558-4e74-857b-1bf9d518329c,2022-01-31 09:41:06.735748,2022-01-31 09:40:39.546149,19.0,19.0,2022-01-31 09:41:16.856689,2022-01-31 09:41:42.209399,2022-01-31,2022-01-31
88,180a79df-046f-46b5-a561-609bceb3bed7,2022-01-31 09:48:04.994953,2022-01-31 09:47:37.805354,24.7,24.7,2022-01-31 09:48:15.115894,2022-01-31 09:48:40.468604,2022-01-31,2022-01-31
89,d5f72431-1548-4c12-99b3-b039a2d3b325,2022-01-31 09:50:41.729418,2022-01-31 09:50:14.539819,23.4,23.4,2022-01-31 09:50:51.850359,2022-01-31 09:51:17.203069,2022-01-31,2022-01-31
90,94557b60-9a94-4095-899e-21d40a407efb,2022-01-31 09:55:32.674997,2022-01-31 09:55:05.485398,24.6,24.6,2022-01-31 09:55:42.795938,2022-01-31 09:56:08.148648,2022-01-31,2022-01-31
91,9df9a681-9d14-44b3-a343-72f563f794ce,2022-01-31 09:57:39.802061,2022-01-31 09:57:12.612462,25.3,25.3,2022-01-31 09:57:49.923002,2022-01-31 09:58:15.275712,2022-01-31,2022-01-31
92,b15a0a9b-6ecd-41e4-83d4-fd35054584f2,2022-01-31 09:59:20.815630,2022-01-31 09:58:53.626031,26.4,18.6,2022-01-31 09:59:30.936571,2022-01-31 09:59:56.289281,2022-01-31,2022-01-31
93,916ad6f6-4baa-4ada-9bed-6a9c2803a00e,2022-01-31 10:02:39.416810,2022-01-31 10:02:12.227211,28.1,28.1,2022-01-31 10:02:49.537751,2022-01-31 10:03:14.890461,2022-01-31,2022-01-31
94,22c49e3d-e393-45f6-bc7b-8f36ef8b74dd,2022-01-31 10:04:21.216337,2022-01-31 10:03:54.026738,28.9,28.9,2022-01-31 10:04:31.337278,2022-01-31 10:04:56.689988,2022-01-31,2022-01-31
95,f71e9a93-ac0d-434f-a441-a9e596ea003b,2022-01-31 10:08:51.035860,2022-01-31 10:08:23.846261,22.1,22.1,2022-01-31 10:09:01.156801,2022-01-31 10:09:26.509511,2022-01-31,2022-01-31
96,fb47918b-2aa8-45ab-9aba-6272919166b4,2022-01-31 10:10:32.797468,2022-01-31 10:10:05.607869,29.9,29.9,2022-01-31 10:10:42.918409,2022-01-31 10:11:08.271119,2022-01-31,2022-01-31
97,06ae6402-73ec-4154-8565-64236e937506,2022-01-31 10:18:02.355049,2022-01-31 10:17:35.165450,31.4,31.4,2022-01-31 10:18:12.475990,2022-01-31 10:18:37.828700,2022-01-31,2022-01-31
98,a699ff6b-f8d1-4ef1-b5ae-74d34f85b4ff,2022-01-31 10:19:44.828634,2022-01-31 10:19:17.639035,19.5,19.5,2022-01-31 10:19:54.949575,2022-01-31 10:20:20.302285,2022-01-31,2022-01-31
99,f191ecbb-cb4c-4c83-ab8b-53ee264f21c8,2022-01-31 10:58:32.329115,2022-01-31 10:58:05.139516,20.6,20.6,2022-01-31 10:58:42.450056,2022-01-31 10:59:07.802766,2022-01-31,2022-01-31
100,fe4d6a9e-c0ed-471b-9e9f-8483cca080ee,2022-01-31 11:00:15.032706,2022-01-31 10:59:47.843107,19.9,19.9,2022-01-31 11:00:25.153647,2022-01-31 11:00:50.506357,2022-01-31,2022-01-31
101,b6259f7c-f4ce-4be2-b202-2972289e5720,2022-01-31 11:01:56.340435,2022-01-31 11:01:29.150836,20.3,20.3,2022-01-31 11:02:06.461376,2022-01-31 11:02:31.814086,2022-01-31,2022-01-31
102,25a6766f-c6e2-4b4d-a08c-126ba6737d09,2022-01-31 11:03:39.132100,2022-01-31 11:03:11.942501,21.8,21.8,2022-01-31 11:03:49.253041,2022-01-31 11:04:14.605751,2022-01-31,2022-01-31
103,fa83e068-9ece-45a5-ae5f-796bb7dc7fed,2022-01-31 11:05:21.215746,2022-01-31 11:04:54.026147,27.9,27.9,2022-01-31 11:05:31.336687,2022-01-31 11:05:56.689397,2022-01-31,2022-01-31
104,ad2e0464-2f29-4839-b135-f4d69444929c,2022-02-02 08:08:26.827997,2022-02-02 08:07:59.638398,19.1,19.1,2022-02-02 08:08:36.948938,2022-02-02 08:09:02.301648,2022-02-02,2022-02-02
105,1869b4eb-eaca-4e1b-87b5-620f5e7c65ad,2022-02-02 08:10:08.053671,2022-02-02 08:09:40.864072,24.4,24.4,2022-02-02 08:10:18.174612,2022-02-02 08:10:43.527322,2022-02-02,2022-02-02
106,3a232702-c678-47d8-ade7-88fbe993f1c0,2022-02-02 08:12:11.508776,2022-02-02 08:11:44.319177,18.8,18.8,2022-02-02 08:12:21.629717,2022-02-02 08:12:46.982427,2022-02-02,2022-02-02
107,69409260-ce10-4289-b447-9a52fe4ba0ad,2022-02-02 08:13:53.130333,2022-02-02 08:13:25.940734,19.3,19.3,2022-02-02 08:14:03.251274,2022-02-02 08:14:28.603984,2022-02-02,2022-02-02
108,b6775e64-f422-42fa-887d-814cf3d66275,2022-02-02 08:15:35.139980,2022-02-02 08:15:07.950381,19.7,19.7,2022-02-02 08:15:45.260921,2022-02-02 08:16:10.613631,2022-02-02,2022-02-02
109,d69d65b5-5f8c-45ed-b5d2-459018aede5e,2022-02-02 08:17:16.495574,2022-02-02 08:16:49.305975,19.9,19.9,2022-02-02 08:17:26.616515,2022-02-02 08:17:51.969225,2022-02-02,2022-02-02
110,716197de-7de1-48ea-92d8-b6ff9ec0e2cd,2022-02-02 08:18:59.361152,2022-02-02 08:18:32.171553,23.1,23.1,2022-02-02 08:19:09.482093,2022-02-02 08:19:34.834803,2022-02-02,2022-02-02
111,3369e1f4-5665-463f-ab53-5d997c438de2,2022-02-02 08:20:52.502445,2022-02-02 08:20:25.312846,20.1,20.1,2022-02-02 08:21:02.623386,2022-02-02 08:21:27.976096,2022-02-02,2022-02-02
112,9564cdfb-7793-4f96-9ea8-a7bcddc8e649,2022-02-02 08:22:34.893947,2022-02-02 08:22:07.704348,21.8,21.8,2022-02-02 08:22:45.014888,2022-02-02 08:23:10.367598,2022-02-02,2022-02-02
113,88999dce-15bb-4a59-a661-32f21a4a2ceb,2022-02-02 08:24:16.949526,2022-02-02 08:23:49.759927,23.4,23.4,2022-02-02 08:24:27.070467,2022-02-02 08:24:52.423177,2022-02-02,2022-02-02
114,09c4f064-71db-4ec9-b298-00a98cb40de0,2022-02-02 08:25:58.885046,2022-02-02 08:25:31.695447,21.2,21.2,2022-02-02 08:26:09.005987,2022-02-02 08:26:34.358697,2022-02-02,2022-02-02
115,66e77793-baca-4010-9926-371cbf47cc7b,2022-02-02 08:45:49.607962,2022-02-02 08:45:22.418363,0.0,0.0,2022-02-02 08:45:59.728903,2022-02-02 08:46:25.081613,2022-02-02,2022-02-02
116,a47ad5ec-e2ee-4124-9bfd-7f49cb895d55,2022-02-02 09:01:27.725011,2022-02-02 09:01:00.535412,0.0,0.0,2022-02-02 09:01:37.845952,2022-02-02 09:02:03.198662,2022-02-02,2022-02-02
117,1df60463-0345-467e-b941-bffb646bda96,2022-02-02 09:05:59.028237,2022-02-02 09:05:31.838638,21.6,21.6,2022-02-02 09:06:09.149178,2022-02-02 09:06:34.501888,2022-02-02,2022-02-02
118,6b148b3f-707b-49bd-bda4-006812d6857e,2022-02-02 09:13:51.420816,2022-02-02 09:13:24.231217,21.3,21.3,2022-02-02 09:14:01.541757,2022-02-02 09:14:26.894467,2022-02-02,2022-02-02
119,c4a6455c-2f93-4a09-b77d-564813052a34,2022-02-07 10:56:19.714133,2022-02-07 10:55:52.524534,0.0,0.0,2022-02-07 10:56:29.835074,2022-02-07 10:56:55.187784,2022-02-07,2022-02-07
120,f85df2e2-b12d-49c4-9ff5-ea67cb04c87b,2022-02-07 11:28:30.442093,2022-02-07 11:28:03.252494,20.2,20.2,2022-02-07 11:28:40.563034,2022-02-07 11:29:05.915744,2022-02-07,2022-02-07
121,c8cce0c9-e01e-4962-b30c-90b0a4e3683d,2022-02-07 11:31:17.824217,2022-02-07 11:30:50.634618,0.0,0.0,2022-02-07 11:31:27.945158,2022-02-07 11:31:53.297868,2022-02-07,2022-02-07
122,6761ad52-d426-4f65-b3bd-b71106aca9ea,2022-02-07 11:33:42.140841,2022-02-07 11:33:14.951242,0.0,0.0,2022-02-07 11:33:52.261782,2022-02-07 11:34:17.614492,2022-02-07,2022-02-07
123,34530a9f-28f7-4997-bf06-178996a8cbd8,2022-02-07 11:35:48.907844,2022-02-07 11:35:21.718245,0.0,0.0,2022-02-07 11:35:59.028785,2022-02-07 11:36:24.381495,2022-02-07,2022-02-07
124,c304de50-4cce-44d2-b168-03d779fd22c0,2022-02-07 11:36:46.670520,2022-02-07 11:36:19.480921,0.0,0.0,2022-02-07 11:36:56.791461,2022-02-07 11:37:22.144171,2022-02-07,2022-02-07
125,9f83920b-9538-47e9-90ec-9203ac7f516b,2022-02-07 11:43:45.590442,2022-02-07 11:43:18.400843,0.0,0.0,2022-02-07 11:43:55.711383,2022-02-07 11:44:21.064093,2022-02-07,2022-02-07
126,c9c28717-bff0-4b60-8420-418f7dbf68eb,2022-02-07 11:47:21.559040,2022-02-07 11:46:54.369441,0.0,0.0,2022-02-07 11:47:31.679981,2022-02-07 11:47:57.032691,2022-02-07,2022-02-07
127,4243ea90-5969-4dad-a45a-4fc9c981a544,2022-02-07 11:50:05.281290,2022-02-07 11:49:38.091691,19.8,19.8,2022-02-07 11:50:15.402231,2022-02-07 11:50:40.754941,2022-02-07,2022-02-07
128,26b642c1-ea67-45c5-b153-28d814ba123c,2022-02-14 09:53:49.970066,2022-02-14 09:53:22.780467,21.6,21.6,2022-02-14 09:54:00.091007,2022-02-14 09:54:25.443717,2022-02-14,2022-02-14
129,40464519-c9f0-4047-8ba6-1b8f6b016a72,2022-02-14 09:55:48.751598,2022-02-14 09:55:21.561999,19.8,19.8,2022-02-14 09:55:58.872539,2022-02-14 09:56:24.225249,2022-02-14,2022-02-14
130,6cbc85a4-6b7e-464d-b336-d11fada43763,2022-02-14 10:01:38.780345,2022-02-14 10:01:11.590746,19.8,19.8,2022-02-14 10:01:48.901286,2022-02-14 10:02:14.253996,2022-02-14,2022-02-14
131,87e63f6a-6daa-4952-920c-271acdd0418e,2022-02-14 10:03:43.525777,2022-02-14 10:03:16.336178,21.4,21.4,2022-02-14 10:03:53.646718,2022-02-14 10:04:18.999428,2022-02-14,2022-02-14
132,9470068a-e97e-4346-9d85-fcfe6e713c98,2022-02-14 10:05:25.089065,2022-02-14 10:04:57.899466,26.4,26.4,2022-02-14 10:05:35.210006,2022-02-14 10:06:00.562716,2022-02-14,2022-02-14
133,a1595482-db09-4f09-9dd7-15edb905e076,2022-02-14 10:07:06.650089,2022-02-14 10:06:39.460490,21.8,21.8,2022-02-14 10:07:16.771030,2022-02-14 10:07:42.123740,2022-02-14,2022-02-14
134,2ebf0c85-4d25-44b2-b710-c8987ff2fc41,2022-02-14 10:08:47.950956,2022-02-14 10:08:20.761357,26.7,26.7,2022-02-14 10:08:58.071897,2022-02-14 10:09:23.424607,2022-02-14,2022-02-14
135,471dcbf4-77f2-4ccd-ac0e-04de05279ef5,2022-02-23 09:03:56.971831,2022-02-23 09:03:29.782232,22.4,22.4,2022-02-23 09:04:07.092772,2022-02-23 09:04:32.445482,2022-02-23,2022-02-23
136,aad7760f-c1b6-4d11-b0ca-cc1696ebcd57,2022-02-23 09:07:31.442425,2022-02-23 09:07:04.252826,16.8,16.8,2022-02-23 09:07:41.563366,2022-02-23 09:08:06.916076,2022-02-23,2022-02-23
137,4a40faf8-15c9-4aec-a34d-e61ccc6c2b41,2022-02-23 09:11:21.704678,2022-02-23 09:10:54.515079,23.5,23.5,2022-02-23 09:11:31.825619,2022-02-23 09:11:57.178329,2022-02-23,2022-02-23
138,df2a745b-0d7a-41aa-aaa2-3cddde245bbb,2022-02-23 09:13:11.671936,2022-02-23 09:12:44.482337,17.1,17.1,2022-02-23 09:13:21.792877,2022-02-23 09:13:47.145587,2022-02-23,2022-02-23
139,d3672b03-6f57-4270-9c11-e8401aec769a,2022-02-23 09:15:15.749213,2022-02-23 09:14:48.559614,23.7,23.7,2022-02-23 09:15:25.870154,2022-02-23 09:15:51.222864,2022-02-23,2022-02-23
140,c8baa5c6-34f1-4cc3-86a3-ba05f3d9e2be,2022-02-23 13:38:23.262217,2022-02-23 13:37:56.072618,20.0,20.0,2022-02-23 13:38:33.383158,2022-02-23 13:38:58.735868,2022-02-23,2022-02-23
141,b7966642-4079-49e1-b024-3f5806d1ac52,2022-02-24 07:43:01.583483,2022-02-24 07:42:34.393884,0.0,0.0,2022-02-24 07:43:11.704424,2022-02-24 07:43:37.057134,2022-02-24,2022-02-24
142,ac7fe2da-e721-419c-8e7d-4723e18f7832,2022-02-24 07:44:11.813003,2022-02-24 07:43:44.623404,19.7,19.7,2022-02-24 07:44:21.933944,2022-02-24 07:44:47.286654,2022-02-24,2022-02-24
143,d726d7a9-8541-4e21-8540-dc789beb8a44,2022-02-24 07:47:17.505746,2022-02-24 07:46:50.316147,0.0,0.0,2022-02-24 07:47:27.626687,2022-02-24 07:47:52.979397,2022-02-24,2022-02-24
144,31e221d1-43eb-4bdb-a241-f640053caeac,2022-02-24 07:48:41.551175,2022-02-24 07:48:14.361576,0.0,0.0,2022-02-24 07:48:51.672116,2022-02-24 07:49:17.024826,2022-02-24,2022-02-24
145,4300fbbf-e7fc-47f2-a214-f3e1dce3ef6a,2022-02-24 07:53:56.524994,2022-02-24 07:53:29.335395,0.0,0.0,2022-02-24 07:54:06.645935,2022-02-24 07:54:31.998645,2022-02-24,2022-02-24
146,f4850b0b-7188-4bbf-bdf0-42f532267e46,2022-02-24 07:57:30.881515,2022-02-24 07:57:03.691916,0.0,0.0,2022-02-24 07:57:41.002456,2022-02-24 07:58:06.355166,2022-02-24,2022-02-24
147,a9887f00-b9c2-4eab-b3ad-4572ba30d2c8,2022-02-24 08:04:41.175490,2022-02-24 08:04:13.985891,22.7,22.7,2022-02-24 08:04:51.296431,2022-02-24 08:05:16.649141,2022-02-24,2022-02-24
148,4b2c09c8-9e88-4119-b827-8e9554f04324,2022-02-24 08:06:22.384935,2022-02-24 08:05:55.195336,22.7,22.7,2022-02-24 08:06:32.505876,2022-02-24 08:06:57.858586,2022-02-24,2022-02-24
149,753ada26-3133-4780-9219-3dd625aff71f,2022-02-24 13:13:06.939192,2022-02-24 13:12:39.749593,20.8,20.8,2022-02-24 13:13:17.060133,2022-02-24 13:13:42.412843,2022-02-24,2022-02-24
150,ede0b412-2a44-47f6-85a3-2f5526ff8b1a,2022-02-24 13:14:47.732523,2022-02-24 13:14:20.542924,24.8,24.8,2022-02-24 13:14:57.853464,2022-02-24 13:15:23.206174,2022-02-24,2022-02-24
151,0e26513d-426b-4db5-8ba3-3c6cf1d0e247,2022-02-24 13:18:29.486937,2022-02-24 13:18:02.297338,25.1,25.1,2022-02-24 13:18:39.607878,2022-02-24 13:19:04.960588,2022-02-24,2022-02-24
152,b91b5fda-8b76-416a-9465-2d2759d932ff,2022-02-24 13:20:10.154408,2022-02-24 13:19:42.964809,21.2,21.2,2022-02-24 13:20:20.275349,2022-02-24 13:20:45.628059,2022-02-24,2022-02-24
153,ee0bf39b-7633-47ef-9c00-1a90c418e5d4,2022-02-24 13:23:11.538941,2022-02-24 13:22:44.349342,24.6,24.6,2022-02-24 13:23:21.659882,2022-02-24 13:23:47.012592,2022-02-24,2022-02-24
154,222c098f-4108-4bda-a4cb-ae7ecd3c4a23,2022-02-24 13:25:40.737831,2022-02-24 13:25:13.548232,24.6,24.6,2022-02-24 13:25:50.858772,2022-02-24 13:26:16.211482,2022-02-24,2022-02-24
155,3e353c6b-5d64-494e-b74f-ed7e1d963150,2022-02-24 13:27:21.694990,2022-02-24 13:26:54.505391,24.9,24.9,2022-02-24 13:27:31.815931,2022-02-24 13:27:57.168641,2022-02-24,2022-02-24
156,29124729-53f5-41f9-974f-d77fa36c14bd,2022-02-24 13:29:03.062059,2022-02-24 13:28:35.872460,24.7,24.7,2022-02-24 13:29:13.183000,2022-02-24 13:29:38.535710,2022-02-24,2022-02-24
157,e41ca39e-f9a3-4c15-b7da-738b25a25f8b,2022-02-24 13:30:44.973324,2022-02-24 13:30:17.783725,24.6,24.6,2022-02-24 13:30:55.094265,2022-02-24 13:31:20.446975,2022-02-24,2022-02-24
158,1904f5fc-292a-4690-b4c4-c6dce35b6e7e,2022-02-24 13:32:50.780381,2022-02-24 13:32:23.590782,24.8,24.8,2022-02-24 13:33:00.901322,2022-02-24 13:33:26.254032,2022-02-24,2022-02-24
159,275b6bb0-bd9d-4265-a07c-96d43d5ed125,2022-02-24 13:34:31.689571,2022-02-24 13:34:04.499972,20.7,20.7,2022-02-24 13:34:41.810512,2022-02-24 13:35:07.163222,2022-02-24,2022-02-24
160,51add3fa-bb63-4bfd-a906-b6077c4617f1,2022-02-24 13:36:13.688837,2022-02-24 13:35:46.499238,21.3,21.3,2022-02-24 13:36:23.809778,2022-02-24 13:36:49.162488,2022-02-24,2022-02-24
161,0d853800-c19b-454c-af7e-b210cc3860d8,2022-03-01 14:08:18.140289,2022-03-01 14:07:50.950690,0.0,0.0,2022-03-01 14:08:28.261230,2022-03-01 14:08:53.613940,2022-03-01,2022-03-01
162,1a9a9378-8e16-4963-9408-272c34b6ba91,2022-03-01 14:17:09.611939,2022-03-01 14:16:42.422340,21.6,21.6,2022-03-01 14:17:19.732880,2022-03-01 14:17:45.085590,2022-03-01,2022-03-01
163,32692512-bc00-4b41-9f94-beb705b120ec,2022-03-01 14:24:46.666992,2022-03-01 14:24:19.477393,22.1,22.1,2022-03-01 14:24:56.787933,2022-03-01 14:25:22.140643,2022-03-01,2022-03-01
164,2e72f83c-a3a3-4b46-831c-5bfdd3e53217,2022-03-01 14:41:50.174772,2022-03-01 14:41:22.985173,22.0,22.0,2022-03-01 14:42:00.295713,2022-03-01 14:42:25.648423,2022-03-01,2022-03-01
165,e2f12a40-2e6d-49ea-a13f-c640f8b76fb7,2022-03-01 15:02:09.164228,2022-03-01 15:01:41.974629,0.0,0.0,2022-03-01 15:02:19.285169,2022-03-01 15:02:44.637879,2022-03-01,2022-03-01
166,8285cd17-04a4-4579-b510-9b68473e4cca,2022-03-01 15:09:26.748348,2022-03-01 15:08:59.558749,0.0,0.0,2022-03-01 15:09:36.869289,2022-03-01 15:10:02.221999,2022-03-01,2022-03-01
167,de07d8d7-13ca-4b1e-8eee-2346e6c2a872,2022-03-01 15:30:39.483247,2022-03-01 15:30:12.293648,0.0,0.0,2022-03-01 15:30:49.604188,2022-03-01 15:31:14.956898,2022-03-01,2022-03-01
168,ad150dc3-e6d0-4640-a777-fa3a3ecddad2,2022-03-01 15:33:52.993568,2022-03-01 15:33:25.803969,0.0,0.0,2022-03-01 15:34:03.114509,2022-03-01 15:34:28.467219,2022-03-01,2022-03-01
169,f44b388b-c661-48c7-9adb-8c9a7a24a08f,2022-03-01 15:46:02.804578,2022-03-01 15:45:35.614979,0.0,0.0,2022-03-01 15:46:12.925519,2022-03-01 15:46:38.278229,2022-03-01,2022-03-01
170,ddb892c2-68f3-44a2-8b30-4d965d4670e5,2022-03-01 16:00:32.266443,2022-03-01 16:00:05.076844,0.0,0.0,2022-03-01 16:00:42.387384,2022-03-01 16:01:07.740094,2022-03-01,2022-03-01
171,59f70327-a396-4c0d-b53b-002c7fe86733,2022-03-01 16:07:01.312988,2022-03-01 16:06:34.123389,0.0,0.0,2022-03-01 16:07:11.433929,2022-03-01 16:07:36.786639,2022-03-01,2022-03-01
172,17682420-3d93-4ca4-a455-c266218009b2,2022-03-01 16:10:23.765423,2022-03-01 16:09:56.575824,0.0,0.0,2022-03-01 16:10:33.886364,2022-03-01 16:10:59.239074,2022-03-01,2022-03-01
173,c0def778-b974-4e47-93ce-0356774f3846,2022-03-01 16:36:46.797154,2022-03-01 16:36:19.607555,0.0,0.0,2022-03-01 16:36:56.918095,2022-03-01 16:37:22.270805,2022-03-01,2022-03-01
174,08eb3567-a8a1-41e2-98a1-5fd0e5b6e52e,2022-03-01 16:43:43.843571,2022-03-01 16:43:16.653972,0.0,0.0,2022-03-01 16:43:53.964512,2022-03-01 16:44:19.317222,2022-03-01,2022-03-01
175,7c7a4c2d-30b8-40b4-bc21-86c7b267f605,2022-03-01 17:01:49.088497,2022-03-01 17:01:21.898898,21.6,21.6,2022-03-01 17:01:59.209438,2022-03-01 17:02:24.562148,2022-03-01,2022-03-01
176,3b139801-b784-4acc-8c92-a97718adf992,2022-03-01 17:04:24.065373,2022-03-01 17:03:56.875774,21.6,21.6,2022-03-01 17:04:34.186314,2022-03-01 17:04:59.539024,2022-03-01,2022-03-01
177,3f85d596-a7aa-4a00-8ffe-bb916c32314c,2022-03-01 17:14:25.380256,2022-03-01 17:13:58.190657,21.7,21.7,2022-03-01 17:14:35.501197,2022-03-01 17:15:00.853907,2022-03-01,2022-03-01
178,0e388c26-43eb-4e3b-9b88-caf6abbe6a94,2022-03-01 17:19:24.019678,2022-03-01 17:18:56.830079,21.8,21.8,2022-03-01 17:19:34.140619,2022-03-01 17:19:59.493329,2022-03-01,2022-03-01
179,8277f182-51b7-4f56-b5c5-5de0d315ed87,2022-03-01 17:21:59.924285,2022-03-01 17:21:32.734686,22.4,22.4,2022-03-01 17:22:10.045226,2022-03-01 17:22:35.397936,2022-03-01,2022-03-01
180,aefce24e-c776-47ee-8dd6-2cc1c3236661,2022-03-01 17:58:36.759324,2022-03-01 17:58:09.569725,0.0,0.0,2022-03-01 17:58:46.880265,2022-03-01 17:59:12.232975,2022-03-01,2022-03-01
181,0ab48351-f49c-4224-984c-ac9598c2199b,2022-03-03 12:48:03.861044,2022-03-03 12:47:36.671445,21.2,21.2,2022-03-03 12:48:13.981985,2022-03-03 12:48:39.334695,2022-03-03,2022-03-03
182,f15eee04-97c8-4c48-a6c0-2952d4740865,2022-03-03 12:59:05.616606,2022-03-03 12:58:38.427007,0.0,0.0,2022-03-03 12:59:15.737547,2022-03-03 12:59:41.090257,2022-03-03,2022-03-03
183,b2f3e354-3274-4385-8a96-31e32d3143f3,2022-03-03 13:04:16.412062,2022-03-03 13:03:49.222463,0.0,0.0,2022-03-03 13:04:26.533003,2022-03-03 13:04:51.885713,2022-03-03,2022-03-03
184,98dc88ac-5c49-43af-8a5b-75289ffb23ae,2022-03-03 13:13:58.701852,2022-03-03 13:13:31.512253,0.0,0.0,2022-03-03 13:14:08.822793,2022-03-03 13:14:34.175503,2022-03-03,2022-03-03
185,e37cc8f0-9330-4e41-adf0-dfeff8534d9a,2022-03-03 15:35:24.390780,2022-03-03 15:34:57.201181,22.0,22.0,2022-03-03 15:35:34.511721,2022-03-03 15:35:59.864431,2022-03-03,2022-03-03
186,96b160d6-397a-47d5-ba2d-3990fc31f156,2022-03-04 15:37:04.588929,2022-03-04 15:36:37.399330,0.0,0.0,2022-03-04 15:37:14.709870,2022-03-04 15:37:40.062580,2022-03-04,2022-03-04
187,db93cc9b-d114-4cfa-b463-2c45256b79f0,2022-03-04 15:38:41.153341,2022-03-04 15:38:13.963742,0.0,0.0,2022-03-04 15:38:51.274282,2022-03-04 15:39:16.626992,2022-03-04,2022-03-04
188,113d001e-1200-44f6-9919-c1c22c7e2692,2022-03-04 15:40:37.806227,2022-03-04 15:40:10.616628,0.0,0.0,2022-03-04 15:40:47.927168,2022-03-04 15:41:13.279878,2022-03-04,2022-03-04
189,e1144009-8275-4922-a38c-ce98150cde90,2022-03-04 15:42:40.811608,2022-03-04 15:42:13.622009,21.5,21.5,2022-03-04 15:42:50.932549,2022-03-04 15:43:16.285259,2022-03-04,2022-03-04
190,3f2afa75-27c6-4b33-8ad4-438076b48e81,2022-03-04 15:44:25.540174,2022-03-04 15:43:58.350575,0.0,0.0,2022-03-04 15:44:35.661115,2022-03-04 15:45:01.013825,2022-03-04,2022-03-04
191,126d6fec-aeac-4f0b-9c9b-f278c88f3177,2022-03-08 14:38:32.009029,2022-03-08 14:38:04.819430,26.2,26.2,2022-03-08 14:38:42.129970,2022-03-08 14:39:07.482680,2022-03-08,2022-03-08
192,12cf8112-45e7-4c08-a14f-a38fdf38dba9,2022-03-14 11:19:18.138743,2022-03-14 11:18:50.949144,20.5,20.5,2022-03-14 11:19:28.259684,2022-03-14 11:19:53.612394,2022-03-14,2022-03-14
193,98f9be76-045e-4e1c-b47a-8f82f0c9cb1c,2022-03-14 11:21:22.357987,2022-03-14 11:20:55.168388,20.5,20.5,2022-03-14 11:21:32.478928,2022-03-14 11:21:57.831638,2022-03-14,2022-03-14
194,15abf071-456a-4645-b204-9e0ba958ab70,2022-03-15 08:17:18.577113,2022-03-15 08:16:51.387514,0.0,0.0,2022-03-15 08:17:28.698054,2022-03-15 08:17:54.050764,2022-03-15,2022-03-15
195,108b1677-53ee-44f9-b1bf-93ec4bd8aee7,2022-03-15 08:24:37.242679,2022-03-15 08:24:10.053080,19.6,19.6,2022-03-15 08:24:47.363620,2022-03-15 08:25:12.716330,2022-03-15,2022-03-15
196,6fd19286-26da-4302-9014-7190d79ac632,2022-03-15 08:31:18.152881,2022-03-15 08:30:50.963282,0.0,0.0,2022-03-15 08:31:28.273822,2022-03-15 08:31:53.626532,2022-03-15,2022-03-15
197,66b469d2-1e7f-46f4-a212-8e54d6d35c6a,2022-03-15 08:44:47.378359,2022-03-15 08:44:20.188760,22.3,22.3,2022-03-15 08:44:57.499300,2022-03-15 08:45:22.852010,2022-03-15,2022-03-15
198,c2d88893-c25d-4f65-97a0-0a6cb4f19355,2022-03-15 08:47:47.574861,2022-03-15 08:47:20.385262,24.5,24.5,2022-03-15 08:47:57.695802,2022-03-15 08:48:23.048512,2022-03-15,2022-03-15
199,c50fa2ee-1b34-4bf9-8a0a-8877db94647c,2022-03-15 08:50:45.977322,2022-03-15 08:50:18.787723,24.2,24.2,2022-03-15 08:50:56.098263,2022-03-15 08:51:21.450973,2022-03-15,2022-03-15
200,77a52cc1-9ca8-4c03-a56e-6302f5f060e2,2022-03-15 08:55:35.487647,2022-03-15 08:55:08.298048,0.0,0.0,2022-03-15 08:55:45.608588,2022-03-15 08:56:10.961298,2022-03-15,2022-03-15
201,82d1b96a-e168-41e0-8d8d-02b48bf0e8e8,2022-03-15 08:57:17.669984,2022-03-15 08:56:50.480385,0.0,0.0,2022-03-15 08:57:27.790925,2022-03-15 08:57:53.143635,2022-03-15,2022-03-15
202,6616fab3-23cb-4892-8e85-9b4337f5c8e3,2022-03-15 08:59:28.234919,2022-03-15 08:59:01.045320,0.0,0.0,2022-03-15 08:59:38.355860,2022-03-15 09:00:03.708570,2022-03-15,2022-03-15
203,5a3d6cb9-cae7-4beb-8908-152038841ccb,2022-03-15 09:01:34.642741,2022-03-15 09:01:07.453142,0.0,0.0,2022-03-15 09:01:44.763682,2022-03-15 09:02:10.116392,2022-03-15,2022-03-15
204,6a06f308-f254-488c-840c-a293ead06986,2022-03-15 09:02:40.311567,2022-03-15 09:02:13.121968,0.0,0.0,2022-03-15 09:02:50.432508,2022-03-15 09:03:15.785218,2022-03-15,2022-03-15
205,e97256f5-4c93-427b-b2db-0d5ba9d6f146,2022-03-15 09:07:05.591444,2022-03-15 09:06:38.401845,0.0,0.0,2022-03-15 09:07:15.712385,2022-03-15 09:07:41.065095,2022-03-15,2022-03-15
206,6376a8da-693c-4b3f-a1d0-9f751ade8dcf,2022-03-15 09:12:28.702788,2022-03-15 09:12:01.513189,20.9,20.9,2022-03-15 09:12:38.823729,2022-03-15 09:13:04.176439,2022-03-15,2022-03-15
207,276a765b-ff2a-4f58-b5af-853345c378d2,2022-03-15 09:15:08.575527,2022-03-15 09:14:41.385928,24.8,24.8,2022-03-15 09:15:18.696468,2022-03-15 09:15:44.049178,2022-03-15,2022-03-15
208,87e669a6-2c63-4277-b1a5-6be705a39b3d,2022-03-15 09:16:48.298600,2022-03-15 09:16:21.109001,25.1,21.7,2022-03-15 09:16:58.419541,2022-03-15 09:17:23.772251,2022-03-15,2022-03-15
209,5b238f4f-abc6-4e50-9628-2275ee20526d,2022-03-15 09:19:00.913498,2022-03-15 09:18:33.723899,25.1,25.1,2022-03-15 09:19:11.034439,2022-03-15 09:19:36.387149,2022-03-15,2022-03-15
210,f65cbcf9-939e-4f30-9eac-90342399bceb,2022-03-15 09:20:41.042681,2022-03-15 09:20:13.853082,25.1,25.1,2022-03-15 09:20:51.163622,2022-03-15 09:21:16.516332,2022-03-15,2022-03-15
211,0aa3eec3-1145-4da4-b500-839f5aae82d9,2022-03-15 09:22:21.523866,2022-03-15 09:21:54.334267,25.1,25.1,2022-03-15 09:22:31.644807,2022-03-15 09:22:56.997517,2022-03-15,2022-03-15
212,d4423836-c999-4341-8533-4020bfcaf7d9,2022-03-15 09:24:47.268586,2022-03-15 09:24:20.078987,20.9,20.9,2022-03-15 09:24:57.389527,2022-03-15 09:25:22.742237,2022-03-15,2022-03-15
213,99ff0950-aef4-4e0a-bfaa-f39849d80c55,2022-03-15 09:26:27.711706,2022-03-15 09:26:00.522107,25.6,25.6,2022-03-15 09:26:37.832647,2022-03-15 09:27:03.185357,2022-03-15,2022-03-15
214,66926b14-771d-494a-970e-8623f9fe7b02,2022-03-15 09:28:36.100508,2022-03-15 09:28:08.910909,25.5,25.5,2022-03-15 09:28:46.221449,2022-03-15 09:29:11.574159,2022-03-15,2022-03-15
215,0672798b-5335-470c-9105-8f9fe1c155b9,2022-03-15 09:30:16.597564,2022-03-15 09:29:49.407965,0.0,0.0,2022-03-15 09:30:26.718505,2022-03-15 09:30:52.071215,2022-03-15,2022-03-15
216,833724d3-e55d-45db-979d-8106ef729099,2022-03-15 09:31:20.498980,2022-03-15 09:30:53.309381,0.0,0.0,2022-03-15 09:31:30.619921,2022-03-15 09:31:55.972631,2022-03-15,2022-03-15
217,a55f559a-0eea-46ee-b003-2998b80c175c,2022-03-15 09:32:37.670251,2022-03-15 09:32:10.480652,20.8,20.8,2022-03-15 09:32:47.791192,2022-03-15 09:33:13.143902,2022-03-15,2022-03-15
218,a0170605-ab65-416a-b591-d8f4a23dc5ed,2022-03-15 09:34:17.639398,2022-03-15 09:33:50.449799,22.5,22.5,2022-03-15 09:34:27.760339,2022-03-15 09:34:53.113049,2022-03-15,2022-03-15
219,3bbd506b-7f97-4360-b984-ed686c456fe6,2022-03-15 09:35:58.002312,2022-03-15 09:35:30.812713,23.3,23.3,2022-03-15 09:36:08.123253,2022-03-15 09:36:33.475963,2022-03-15,2022-03-15
220,2f82f460-a6ce-4744-8bc1-51d9b504e420,2022-03-15 09:37:38.563451,2022-03-15 09:37:11.373852,25.9,25.9,2022-03-15 09:37:48.684392,2022-03-15 09:38:14.037102,2022-03-15,2022-03-15
221,228e0c0d-c723-4141-8b6f-deffb3dc697f,2022-03-15 09:40:27.443595,2022-03-15 09:40:00.253996,21.2,21.2,2022-03-15 09:40:37.564536,2022-03-15 09:41:02.917246,2022-03-15,2022-03-15
222,dafa7e9c-fc49-48f6-bb87-85fe43714d12,2022-03-15 09:43:17.188128,2022-03-15 09:42:49.998529,25.6,25.6,2022-03-15 09:43:27.309069,2022-03-15 09:43:52.661779,2022-03-15,2022-03-15
223,be24af01-3177-4b8f-aab5-a23ccb151f10,2022-03-15 09:44:57.027239,2022-03-15 09:44:29.837640,21.2,21.2,2022-03-15 09:45:07.148180,2022-03-15 09:45:32.500890,2022-03-15,2022-03-15
224,27855e4a-8600-4583-ab27-ea94e9c9fca7,2022-03-15 09:47:42.429820,2022-03-15 09:47:15.240221,25.9,25.9,2022-03-15 09:47:52.550761,2022-03-15 09:48:17.903471,2022-03-15,2022-03-15
225,d25fa695-b7e1-464b-b1dc-d1991831112f,2022-03-15 09:49:23.068906,2022-03-15 09:48:55.879307,25.9,25.9,2022-03-15 09:49:33.189847,2022-03-15 09:49:58.542557,2022-03-15,2022-03-15
226,1ebc8f90-a886-4582-9e26-3d6718f37e9e,2022-03-15 09:52:37.359385,2022-03-15 09:52:10.169786,25.9,25.9,2022-03-15 09:52:47.480326,2022-03-15 09:53:12.833036,2022-03-15,2022-03-15
227,08dd96ce-b9b8-4ad2-abd2-16b908341cf3,2022-03-15 09:54:17.902579,2022-03-15 09:53:50.712980,20.7,20.7,2022-03-15 09:54:28.023520,2022-03-15 09:54:53.376230,2022-03-15,2022-03-15
228,fa38fbf0-d2e7-4945-9b17-0359a102ccbc,2022-03-15 09:55:58.201723,2022-03-15 09:55:31.012124,21.9,21.9,2022-03-15 09:56:08.322664,2022-03-15 09:56:33.675374,2022-03-15,2022-03-15
229,2989c520-2e17-48f7-9cb4-b403419a2ec8,2022-03-15 09:57:37.690890,2022-03-15 09:57:10.501291,25.6,25.6,2022-03-15 09:57:47.811831,2022-03-15 09:58:13.164541,2022-03-15,2022-03-15
230,abc96cca-3fda-4f8c-b069-101651e8a4b2,2022-03-15 10:00:03.707557,2022-03-15 09:59:36.517958,25.6,25.6,2022-03-15 10:00:13.828498,2022-03-15 10:00:39.181208,2022-03-15,2022-03-15
231,f8970959-61a6-45cf-a9ba-55240fdcc957,2022-03-15 10:01:44.200695,2022-03-15 10:01:17.011096,25.6,25.6,2022-03-15 10:01:54.321636,2022-03-15 10:02:19.674346,2022-03-15,2022-03-15
232,b0361a95-4e4e-4bfe-a2ec-d1f78a5314d8,2022-03-15 10:05:03.210762,2022-03-15 10:04:36.021163,26.5,26.5,2022-03-15 10:05:13.331703,2022-03-15 10:05:38.684413,2022-03-15,2022-03-15
233,b9541b79-63ba-431e-80f7-58d1ef2a07c4,2022-03-15 10:06:43.707957,2022-03-15 10:06:16.518358,25.8,25.8,2022-03-15 10:06:53.828898,2022-03-15 10:07:19.181608,2022-03-15,2022-03-15
234,3de6a6cc-11b4-45d2-b8f3-99966696e396,2022-03-15 10:08:48.364867,2022-03-15 10:08:21.175268,26.1,26.1,2022-03-15 10:08:58.485808,2022-03-15 10:09:23.838518,2022-03-15,2022-03-15
235,f468cb25-8d4d-4bdb-96e8-b9150c35c5c5,2022-03-15 10:10:36.578078,2022-03-15 10:10:09.388479,21.0,21.0,2022-03-15 10:10:46.699019,2022-03-15 10:11:12.051729,2022-03-15,2022-03-15
236,ec42982b-4bc7-4465-adc9-029912a97106,2022-03-15 10:12:16.499361,2022-03-15 10:11:49.309762,23.4,23.4,2022-03-15 10:12:26.620302,2022-03-15 10:12:51.973012,2022-03-15,2022-03-15
237,97cd7d81-d2bc-47cd-9842-deed687fcd19,2022-03-15 10:13:56.618548,2022-03-15 10:13:29.428949,21.2,21.2,2022-03-15 10:14:06.739489,2022-03-15 10:14:32.092199,2022-03-15,2022-03-15
238,024f6026-82ee-424c-817c-7cc0d1a00ad2,2022-03-15 10:15:36.617721,2022-03-15 10:15:09.428122,22.1,22.1,2022-03-15 10:15:46.738662,2022-03-15 10:16:12.091372,2022-03-15,2022-03-15
239,ce0ef801-fc2d-42f3-b899-ad7e97fe3ac8,2022-03-15 10:20:58.133108,2022-03-15 10:20:30.943509,22.8,22.8,2022-03-15 10:21:08.254049,2022-03-15 10:21:33.606759,2022-03-15,2022-03-15
240,e7826be3-79ba-4a13-ac19-fd17c743e7e8,2022-03-15 10:24:07.645473,2022-03-15 10:23:40.455874,26.4,26.4,2022-03-15 10:24:17.766414,2022-03-15 10:24:43.119124,2022-03-15,2022-03-15
241,46c26878-da45-4185-bb23-1ea1e73d6b26,2022-03-15 10:25:47.346663,2022-03-15 10:25:20.157064,0.0,0.0,2022-03-15 10:25:57.467604,2022-03-15 10:26:22.820314,2022-03-15,2022-03-15
242,ce7c47cc-5a8a-47ec-94b9-980ab93da470,2022-03-15 10:28:21.119333,2022-03-15 10:27:53.929734,26.3,26.3,2022-03-15 10:28:31.240274,2022-03-15 10:28:56.592984,2022-03-15,2022-03-15
243,7878e135-c638-48c8-afbe-a76c64dec9ad,2022-03-15 10:30:01.186527,2022-03-15 10:29:33.996928,22.5,22.5,2022-03-15 10:30:11.307468,2022-03-15 10:30:36.660178,2022-03-15,2022-03-15
244,ac93e743-ba09-4f4a-b6c9-bd753911a07b,2022-03-15 10:32:21.377487,2022-03-15 10:31:54.187888,26.3,26.3,2022-03-15 10:32:31.498428,2022-03-15 10:32:56.851138,2022-03-15,2022-03-15
245,e23bc378-b884-42e3-9d6b-24fddc7d756b,2022-03-15 10:34:02.132454,2022-03-15 10:33:34.942855,25.9,25.9,2022-03-15 10:34:12.253395,2022-03-15 10:34:37.606105,2022-03-15,2022-03-15
246,71fa2e56-c9a3-410c-af32-e8724b2f9ac9,2022-03-15 10:35:42.549598,2022-03-15 10:35:15.359999,23.5,23.5,2022-03-15 10:35:52.670539,2022-03-15 10:36:18.023249,2022-03-15,2022-03-15
247,09da67e0-9751-4415-ac10-071f84250b9d,2022-03-15 10:37:23.086687,2022-03-15 10:36:55.897088,25.7,25.7,2022-03-15 10:37:33.207628,2022-03-15 10:37:58.560338,2022-03-15,2022-03-15
248,c59a6067-c84d-410b-8dd4-38a7252ce032,2022-03-15 10:39:03.449854,2022-03-15 10:38:36.260255,25.8,25.8,2022-03-15 10:39:13.570795,2022-03-15 10:39:38.923505,2022-03-15,2022-03-15
249,a11c5604-96d8-4532-9cd0-ad2316448780,2022-03-15 10:40:43.894944,2022-03-15 10:40:16.705345,21.5,21.5,2022-03-15 10:40:54.015885,2022-03-15 10:41:19.368595,2022-03-15,2022-03-15
250,7aa658ae-312a-4591-bad6-a3dcae331d81,2022-03-15 10:43:31.957395,2022-03-15 10:43:04.767796,22.0,22.0,2022-03-15 10:43:42.078336,2022-03-15 10:44:07.431046,2022-03-15,2022-03-15
251,7c6e1899-5a1d-4e3a-823f-ade79a18b62d,2022-03-15 10:45:12.320405,2022-03-15 10:44:45.130806,21.7,21.7,2022-03-15 10:45:22.441346,2022-03-15 10:45:47.794056,2022-03-15,2022-03-15
252,11194907-29c0-4a29-826a-8be496645729,2022-03-15 10:47:53.540765,2022-03-15 10:47:26.351166,21.4,21.4,2022-03-15 10:48:03.661706,2022-03-15 10:48:29.014416,2022-03-15,2022-03-15
253,32f61413-66c2-4d22-8223-7ffe4faf684c,2022-03-15 10:49:33.983696,2022-03-15 10:49:06.794097,21.3,21.3,2022-03-15 10:49:44.104637,2022-03-15 10:50:09.457347,2022-03-15,2022-03-15
254,1a7b73e2-d325-45d2-bfbe-33101d204e33,2022-03-15 10:51:14.148757,2022-03-15 10:50:46.959158,25.7,25.7,2022-03-15 10:51:24.269698,2022-03-15 10:51:49.622408,2022-03-15,2022-03-15
255,25703ca1-2e8e-4e21-88dd-8de9d8c7c54c,2022-03-15 10:52:54.307910,2022-03-15 10:52:27.118311,21.3,21.3,2022-03-15 10:53:04.428851,2022-03-15 10:53:29.781561,2022-03-15,2022-03-15
256,8a954ea5-96f1-4c50-90df-162070ae57ab,2022-03-15 10:54:58.988709,2022-03-15 10:54:31.799110,21.2,21.2,2022-03-15 10:55:09.109650,2022-03-15 10:55:34.462360,2022-03-15,2022-03-15
257,d72653a8-ec06-4ed8-8d5e-e5d94e501363,2022-03-15 10:56:39.365820,2022-03-15 10:56:12.176221,21.2,21.2,2022-03-15 10:56:49.486761,2022-03-15 10:57:14.839471,2022-03-15,2022-03-15
258,bf56d735-5527-4e5c-a5f0-b95ba8742d4f,2022-03-15 10:58:37.962614,2022-03-15 10:58:10.773015,26.3,26.3,2022-03-15 10:58:48.083555,2022-03-15 10:59:13.436265,2022-03-15,2022-03-15
259,63b5390a-5e6e-4527-ae56-97c766ee3829,2022-03-15 11:00:32.959488,2022-03-15 11:00:05.769889,26.0,26.0,2022-03-15 11:00:43.080429,2022-03-15 11:01:08.433139,2022-03-15,2022-03-15
260,b6aa10ab-342b-4eb9-a9b1-fefbc2879173,2022-03-15 11:02:13.108611,2022-03-15 11:01:45.919012,26.1,26.1,2022-03-15 11:02:23.229552,2022-03-15 11:02:48.582262,2022-03-15,2022-03-15
261,d27e71f1-0310-4a10-9439-60526dbc5ff0,2022-03-15 11:03:53.823797,2022-03-15 11:03:26.634198,26.0,26.0,2022-03-15 11:04:03.944738,2022-03-15 11:04:29.297448,2022-03-15,2022-03-15
262,7ca69255-14dd-4de1-b46f-8a67a058f104,2022-03-15 11:05:34.892944,2022-03-15 11:05:07.703345,26.3,26.3,2022-03-15 11:05:45.013885,2022-03-15 11:06:10.366595,2022-03-15,2022-03-15
263,69b12aa2-f78e-40dc-a495-dc1ac03900f4,2022-03-15 11:07:33.097963,2022-03-15 11:07:05.908364,26.1,26.1,2022-03-15 11:07:43.218904,2022-03-15 11:08:08.571614,2022-03-15,2022-03-15
264,6f41c11b-1efb-4f73-b676-f2f1fec746ce,2022-03-15 11:09:12.969226,2022-03-15 11:08:45.779627,0.0,0.0,2022-03-15 11:09:23.090167,2022-03-15 11:09:48.442877,2022-03-15,2022-03-15
265,36e7b95c-6f77-4a31-bbbe-c6f188d94620,2022-03-15 11:10:24.872564,2022-03-15 11:09:57.682965,26.3,26.3,2022-03-15 11:10:34.993505,2022-03-15 11:11:00.346215,2022-03-15,2022-03-15
266,64d1b00d-9da2-4c99-8afd-b6b71dd40faa,2022-03-15 11:12:54.177448,2022-03-15 11:12:26.987849,26.6,26.6,2022-03-15 11:13:04.298389,2022-03-15 11:13:29.651099,2022-03-15,2022-03-15
267,f26fb8a3-525d-4e09-9de3-06a95644ecbb,2022-03-15 11:14:34.660657,2022-03-15 11:14:07.471058,26.4,26.4,2022-03-15 11:14:44.781598,2022-03-15 11:15:10.134308,2022-03-15,2022-03-15
268,61ee2290-2921-447c-8164-1dc5b5d844ae,2022-03-15 11:16:15.511728,2022-03-15 11:15:48.322129,26.7,26.7,2022-03-15 11:16:25.632669,2022-03-15 11:16:50.985379,2022-03-15,2022-03-15
269,bd20a5a2-f16e-4866-bec6-279bcfc80b7e,2022-03-15 11:18:20.982718,2022-03-15 11:17:53.793119,24.3,24.3,2022-03-15 11:18:31.103659,2022-03-15 11:18:56.456369,2022-03-15,2022-03-15
270,3bc5f155-10b9-4c98-8b3e-34dd0410e03e,2022-03-15 11:20:39.419550,2022-03-15 11:20:12.229951,21.8,21.8,2022-03-15 11:20:49.540491,2022-03-15 11:21:14.893201,2022-03-15,2022-03-15
271,436170f8-7963-4e18-af8b-3891d4b9bc59,2022-03-15 11:22:20.087776,2022-03-15 11:21:52.898177,21.8,21.8,2022-03-15 11:22:30.208717,2022-03-15 11:22:55.561427,2022-03-15,2022-03-15
272,e23dc417-8daa-4dfe-8b3c-024762504c86,2022-03-15 11:24:00.522144,2022-03-15 11:23:33.332545,26.3,26.3,2022-03-15 11:24:10.643085,2022-03-15 11:24:35.995795,2022-03-15,2022-03-15
273,86b78219-a2f3-4cdf-b506-c101e0d69245,2022-03-15 11:25:40.845335,2022-03-15 11:25:13.655736,26.0,26.0,2022-03-15 11:25:50.966276,2022-03-15 11:26:16.318986,2022-03-15,2022-03-15
274,a20dfeea-ae8b-4200-806f-a6cafd944206,2022-03-15 11:27:21.716396,2022-03-15 11:26:54.526797,26.2,26.2,2022-03-15 11:27:31.837337,2022-03-15 11:27:57.190047,2022-03-15,2022-03-15
275,3732d335-096f-4d56-913d-8cbd6371e039,2022-03-15 11:29:02.195627,2022-03-15 11:28:35.006028,21.8,21.8,2022-03-15 11:29:12.316568,2022-03-15 11:29:37.669278,2022-03-15,2022-03-15
276,ff8dd08b-c136-4189-9f0e-85b0e94d1ec1,2022-03-15 11:31:39.678177,2022-03-15 11:31:12.488578,26.0,26.0,2022-03-15 11:31:49.799118,2022-03-15 11:32:15.151828,2022-03-15,2022-03-15
277,283972a9-0887-4ce4-8705-2784c3886f5b,2022-03-15 11:33:20.271244,2022-03-15 11:32:53.081645,25.8,25.8,2022-03-15 11:33:30.392185,2022-03-15 11:33:55.744895,2022-03-15,2022-03-15
278,1e9f390e-4fe6-447f-b01a-85b882730a9a,2022-03-15 11:35:00.766386,2022-03-15 11:34:33.576787,22.7,22.7,2022-03-15 11:35:10.887327,2022-03-15 11:35:36.240037,2022-03-15,2022-03-15
279,1640f8f8-b357-4cc1-96e5-df41ee9ee907,2022-03-15 11:37:05.873140,2022-03-15 11:36:38.683541,21.7,21.7,2022-03-15 11:37:15.994081,2022-03-15 11:37:41.346791,2022-03-15,2022-03-15
280,c91e8f9e-721d-4b52-b631-bed6501adba3,2022-03-15 11:38:46.194200,2022-03-15 11:38:19.004601,21.5,21.5,2022-03-15 11:38:56.315141,2022-03-15 11:39:21.667851,2022-03-15,2022-03-15
281,e087b7fb-11c2-4719-9fff-dd8417de5d25,2022-03-15 11:40:26.569257,2022-03-15 11:39:59.379658,22.6,22.6,2022-03-15 11:40:36.690198,2022-03-15 11:41:02.042908,2022-03-15,2022-03-15
282,5099849b-a4b1-4823-8cab-cfdbadac3ebc,2022-03-15 11:42:06.928259,2022-03-15 11:41:39.738660,21.7,21.7,2022-03-15 11:42:17.049200,2022-03-15 11:42:42.401910,2022-03-15,2022-03-15
283,fc75fa8c-2535-459a-aea7-cc79d456507d,2022-03-15 11:48:37.076543,2022-03-15 11:48:09.886944,26.2,26.2,2022-03-15 11:48:47.197484,2022-03-15 11:49:12.550194,2022-03-15,2022-03-15
284,9df2bda8-94ba-45e6-9975-477a7b29bdc7,2022-03-15 11:50:17.633647,2022-03-15 11:49:50.444048,26.3,26.3,2022-03-15 11:50:27.754588,2022-03-15 11:50:53.107298,2022-03-15,2022-03-15
285,80044d3b-6aae-42bb-aca3-529ea4bd1479,2022-03-15 11:51:58.332617,2022-03-15 11:51:31.143018,26.3,26.3,2022-03-15 11:52:08.453558,2022-03-15 11:52:33.806268,2022-03-15,2022-03-15
286,1ee63d0d-0014-44dd-87c3-36bd67b2d60c,2022-03-15 11:53:58.717522,2022-03-15 11:53:31.527923,26.0,26.0,2022-03-15 11:54:08.838463,2022-03-15 11:54:34.191173,2022-03-15,2022-03-15
287,93526455-2a08-4fa5-a5e6-86a7e620fd41,2022-03-15 11:55:39.414560,2022-03-15 11:55:12.224961,26.0,26.0,2022-03-15 11:55:49.535501,2022-03-15 11:56:14.888211,2022-03-15,2022-03-15
288,9b420eae-b829-4006-aaf6-bd284910544d,2022-03-15 11:57:19.957690,2022-03-15 11:56:52.768091,22.7,22.7,2022-03-15 11:57:30.078631,2022-03-15 11:57:55.431341,2022-03-15,2022-03-15
289,7e1f17ad-8284-4eb2-8204-2d95efbcbd9f,2022-03-15 14:16:40.139000,2022-03-15 14:16:12.949401,0.0,0.0,2022-03-15 14:16:50.259941,2022-03-15 14:17:15.612651,2022-03-15,2022-03-15
290,a93ac858-7421-4974-9283-6825ca8dd8f1,2022-03-15 14:17:24.632628,2022-03-15 14:16:57.443029,22.0,22.0,2022-03-15 14:17:34.753569,2022-03-15 14:18:00.106279,2022-03-15,2022-03-15
291,befcf363-320b-44e9-876c-b8c58ceafe1f,2022-03-15 14:19:20.163672,2022-03-15 14:18:52.974073,22.7,22.7,2022-03-15 14:19:30.284613,2022-03-15 14:19:55.637323,2022-03-15,2022-03-15
292,36b75843-5333-4dfa-af32-a3027119f95b,2022-03-15 14:21:02.344967,2022-03-15 14:20:35.155368,26.0,26.0,2022-03-15 14:21:12.465908,2022-03-15 14:21:37.818618,2022-03-15,2022-03-15
293,638f9a7d-20ee-4834-9a1b-8c186ffafc08,2022-03-15 14:22:44.760070,2022-03-15 14:22:17.570471,26.1,26.1,2022-03-15 14:22:54.881011,2022-03-15 14:23:20.233721,2022-03-15,2022-03-15
294,b1ef4fbd-0fb1-4cc6-a4af-16a101a56cd7,2022-03-15 14:24:27.029342,2022-03-15 14:23:59.839743,26.2,26.2,2022-03-15 14:24:37.150283,2022-03-15 14:25:02.502993,2022-03-15,2022-03-15
295,19230fd2-dc7b-47dd-81dd-82eb2cc64cf2,2022-03-15 14:26:09.344389,2022-03-15 14:25:42.154790,26.4,26.4,2022-03-15 14:26:19.465330,2022-03-15 14:26:44.818040,2022-03-15,2022-03-15
296,c7a0b633-a846-473a-a7b3-65775c9bc37e,2022-03-15 14:27:51.563559,2022-03-15 14:27:24.373960,26.1,26.1,2022-03-15 14:28:01.684500,2022-03-15 14:28:27.037210,2022-03-15,2022-03-15
297,887968ca-288b-4a2c-b73e-3eb48b70cbed,2022-03-15 14:29:33.558671,2022-03-15 14:29:06.369072,21.6,21.6,2022-03-15 14:29:43.679612,2022-03-15 14:30:09.032322,2022-03-15,2022-03-15
298,d00dc2f5-50a3-405f-b7e9-a1cdc1c2a94a,2022-03-15 14:31:15.713914,2022-03-15 14:30:48.524315,26.4,26.4,2022-03-15 14:31:25.834855,2022-03-15 14:31:51.187565,2022-03-15,2022-03-15
299,a9a4beb5-9bec-4f42-98bf-4a894cdf75cf,2022-03-15 14:32:57.688977,2022-03-15 14:32:30.499378,21.6,21.6,2022-03-15 14:33:07.809918,2022-03-15 14:33:33.162628,2022-03-15,2022-03-15
300,ab0ec6fa-1b4e-4c89-984c-dc2c87c783df,2022-03-15 14:34:39.264072,2022-03-15 14:34:12.074473,25.9,25.9,2022-03-15 14:34:49.385013,2022-03-15 14:35:14.737723,2022-03-15,2022-03-15
301,fc4aeb51-123b-43f1-a17e-7c4be3fe98dd,2022-03-15 14:36:20.859209,2022-03-15 14:35:53.669610,22.9,22.9,2022-03-15 14:36:30.980150,2022-03-15 14:36:56.332860,2022-03-15,2022-03-15
302,1cca0e60-7740-4022-92f4-4b68a9cd41bb,2022-03-15 14:38:01.946297,2022-03-15 14:37:34.756698,21.3,21.3,2022-03-15 14:38:12.067238,2022-03-15 14:38:37.419948,2022-03-15,2022-03-15
303,8911509b-5694-45f7-9029-bf4738ca5a17,2022-03-15 14:39:44.355470,2022-03-15 14:39:17.165871,26.2,26.2,2022-03-15 14:39:54.476411,2022-03-15 14:40:19.829121,2022-03-15,2022-03-15
304,097649e0-b15b-467f-b4c9-f751b999c9c8,2022-03-15 14:41:26.458579,2022-03-15 14:40:59.268980,21.5,21.5,2022-03-15 14:41:36.579520,2022-03-15 14:42:01.932230,2022-03-15,2022-03-15
305,5d3ba628-ca97-41fe-80de-069556ce03f8,2022-03-15 14:43:08.401801,2022-03-15 14:42:41.212202,25.7,25.7,2022-03-15 14:43:18.522742,2022-03-15 14:43:43.875452,2022-03-15,2022-03-15
306,5493303f-b770-4a79-bb52-5070849713bb,2022-03-15 14:44:50.501085,2022-03-15 14:44:23.311486,22.6,22.6,2022-03-15 14:45:00.622026,2022-03-15 14:45:25.974736,2022-03-15,2022-03-15
307,123a54c2-cb50-4c4c-90f2-58b3445c5463,2022-03-15 14:46:32.822224,2022-03-15 14:46:05.632625,24.3,24.3,2022-03-15 14:46:42.943165,2022-03-15 14:47:08.295875,2022-03-15,2022-03-15
308,b455ccaf-3f51-44b9-8cf5-692cd94d8281,2022-03-15 14:57:00.859156,2022-03-15 14:56:33.669557,0.0,0.0,2022-03-15 14:57:10.980097,2022-03-15 14:57:36.332807,2022-03-15,2022-03-15
309,afe522c5-5a44-4b32-b400-33a6c055369f,2022-03-15 14:58:18.708520,2022-03-15 14:57:51.518921,21.5,21.5,2022-03-15 14:58:28.829461,2022-03-15 14:58:54.182171,2022-03-15,2022-03-15
310,e145409f-2626-4ae9-a4bd-3a03b04dca14,2022-03-15 15:00:00.501942,2022-03-15 14:59:33.312343,21.5,21.5,2022-03-15 15:00:10.622883,2022-03-15 15:00:35.975593,2022-03-15,2022-03-15
311,466f8952-61b9-40f7-b70f-8ebd91a6b9df,2022-03-15 15:01:42.447150,2022-03-15 15:01:15.257551,26.8,26.8,2022-03-15 15:01:52.568091,2022-03-15 15:02:17.920801,2022-03-15,2022-03-15
312,8588e2cb-c89d-4816-bf70-f1601aa248da,2022-03-15 15:03:43.874273,2022-03-15 15:03:16.684674,22.8,22.8,2022-03-15 15:03:53.995214,2022-03-15 15:04:19.347924,2022-03-15,2022-03-15
313,c4e238fa-77d6-4731-9f5e-42fff9d5b77d,2022-03-15 15:05:25.915526,2022-03-15 15:04:58.725927,26.5,26.5,2022-03-15 15:05:36.036467,2022-03-15 15:06:01.389177,2022-03-15,2022-03-15
314,c5785327-9ead-475a-9516-f654dbc731c1,2022-03-15 15:07:08.006825,2022-03-15 15:06:40.817226,26.2,26.2,2022-03-15 15:07:18.127766,2022-03-15 15:07:43.480476,2022-03-15,2022-03-15
315,da80e7e4-4aa1-4544-81d6-d73fd14ef236,2022-03-15 15:08:50.624108,2022-03-15 15:08:23.434509,26.3,26.3,2022-03-15 15:09:00.745049,2022-03-15 15:09:26.097759,2022-03-15,2022-03-15
316,716630c5-7588-4d39-8d66-1c9d4086cc76,2022-03-15 15:10:58.047088,2022-03-15 15:10:30.857489,26.4,21.8,2022-03-15 15:11:08.168029,2022-03-15 15:11:33.520739,2022-03-15,2022-03-15
317,3bc48182-5409-47f2-9282-af114291f40b,2022-03-15 15:13:29.719989,2022-03-15 15:13:02.530390,26.7,26.7,2022-03-15 15:13:39.840930,2022-03-15 15:14:05.193640,2022-03-15,2022-03-15
318,5affdacb-d6bd-4361-9216-13924de4b88b,2022-03-15 15:15:11.127332,2022-03-15 15:14:43.937733,26.2,26.2,2022-03-15 15:15:21.248273,2022-03-15 15:15:46.600983,2022-03-15,2022-03-15
319,8afd02bc-9b53-452d-b1fd-0336533f5338,2022-03-15 15:16:52.282310,2022-03-15 15:16:25.092711,24.7,24.7,2022-03-15 15:17:02.403251,2022-03-15 15:17:27.755961,2022-03-15,2022-03-15
320,39cfd878-a9d8-4b73-8cb6-f3c662c95a31,2022-03-15 15:18:59.101081,2022-03-15 15:18:31.911482,22.3,22.3,2022-03-15 15:19:09.222022,2022-03-15 15:19:34.574732,2022-03-15,2022-03-15
321,5c698464-bae5-4a7c-ae11-bf80dbf45e65,2022-03-15 15:20:42.188210,2022-03-15 15:20:14.998611,21.8,21.8,2022-03-15 15:20:52.309151,2022-03-15 15:21:17.661861,2022-03-15,2022-03-15
322,d3e30566-06ad-46ce-9aaa-5dccafd19860,2022-03-15 15:22:30.777149,2022-03-15 15:22:03.587550,21.8,21.8,2022-03-15 15:22:40.898090,2022-03-15 15:23:06.250800,2022-03-15,2022-03-15
323,a0f2e995-2ff5-47a0-a7fb-2a2c55d82ada,2022-03-15 15:24:11.562407,2022-03-15 15:23:44.372808,21.9,21.9,2022-03-15 15:24:21.683348,2022-03-15 15:24:47.036058,2022-03-15,2022-03-15
324,0e14cc43-0431-473e-9e7f-00491d5a3519,2022-03-15 15:25:52.809517,2022-03-15 15:25:25.619918,22.5,22.5,2022-03-15 15:26:02.930458,2022-03-15 15:26:28.283168,2022-03-15,2022-03-15
325,85367c88-be60-40b3-8596-f531509b330c,2022-03-15 15:27:57.554626,2022-03-15 15:27:30.365027,0.0,0.0,2022-03-15 15:28:07.675567,2022-03-15 15:28:33.028277,2022-03-15,2022-03-15
326,9ca3cfbf-2f5d-47ef-92cd-7c07be0463c5,2022-03-15 15:29:08.594033,2022-03-15 15:28:41.404434,26.8,26.8,2022-03-15 15:29:18.714974,2022-03-15 15:29:44.067684,2022-03-15,2022-03-15
327,72074fe4-4a1e-4673-abad-25857fca4ecd,2022-03-15 15:30:49.981246,2022-03-15 15:30:22.791647,21.9,21.9,2022-03-15 15:31:00.102187,2022-03-15 15:31:25.454897,2022-03-15,2022-03-15
328,f6e3eec3-4e00-4f65-b431-8690f2bf6b1e,2022-03-15 15:32:30.520498,2022-03-15 15:32:03.330899,26.4,26.4,2022-03-15 15:32:40.641439,2022-03-15 15:33:05.994149,2022-03-15,2022-03-15
329,37ae2df0-ec73-4090-b274-2997eda64d88,2022-03-15 15:34:35.175532,2022-03-15 15:34:07.985933,25.9,25.9,2022-03-15 15:34:45.296473,2022-03-15 15:35:10.649183,2022-03-15,2022-03-15
330,1d278e33-9e78-43bf-86b9-70df34b4e761,2022-03-15 15:36:15.388778,2022-03-15 15:35:48.199179,26.2,26.2,2022-03-15 15:36:25.509719,2022-03-15 15:36:50.862429,2022-03-15,2022-03-15
331,f48ff6f8-47a0-4625-96d7-33e1db1042e5,2022-03-15 15:38:19.709797,2022-03-15 15:37:52.520198,23.0,23.0,2022-03-15 15:38:29.830738,2022-03-15 15:38:55.183448,2022-03-15,2022-03-15
332,c1d220c4-45ae-477a-a813-8587ba924247,2022-03-15 15:40:00.609033,2022-03-15 15:39:33.419434,21.7,21.7,2022-03-15 15:40:10.729974,2022-03-15 15:40:36.082684,2022-03-15,2022-03-15
333,f3718da1-175e-45c7-ac62-71cea9c62265,2022-03-15 15:41:41.094261,2022-03-15 15:41:13.904662,22.4,22.4,2022-03-15 15:41:51.215202,2022-03-15 15:42:16.567912,2022-03-15,2022-03-15
334,7f826cf1-f494-4a66-8d5d-8bb656da1656,2022-03-15 15:44:00.101136,2022-03-15 15:43:32.911537,22.2,22.2,2022-03-15 15:44:10.222077,2022-03-15 15:44:35.574787,2022-03-15,2022-03-15
335,efa760eb-aa1d-4a6c-9c49-68b714e70f8f,2022-03-15 15:45:40.372389,2022-03-15 15:45:13.182790,21.6,21.6,2022-03-15 15:45:50.493330,2022-03-15 15:46:15.846040,2022-03-15,2022-03-15
336,79b0dbcf-d9dc-4542-87da-ee11983a3875,2022-03-15 15:47:20.561651,2022-03-15 15:46:53.372052,23.0,23.0,2022-03-15 15:47:30.682592,2022-03-15 15:47:56.035302,2022-03-15,2022-03-15
337,d643a692-a4b7-41b7-becf-2c354b7e7cd6,2022-03-15 15:49:01.090880,2022-03-15 15:48:33.901281,21.7,21.7,2022-03-15 15:49:11.211821,2022-03-15 15:49:36.564531,2022-03-15,2022-03-15
338,6633e858-b07a-4331-9e63-90968c7f8976,2022-03-15 15:50:58.137916,2022-03-15 15:50:30.948317,26.3,26.3,2022-03-15 15:51:08.258857,2022-03-15 15:51:33.611567,2022-03-15,2022-03-15
339,5cfefc29-69b6-4c5f-b7cb-b2b215588277,2022-03-15 15:52:39.121167,2022-03-15 15:52:11.931568,26.4,26.4,2022-03-15 15:52:49.242108,2022-03-15 15:53:14.594818,2022-03-15,2022-03-15
340,c594788c-700e-4267-8fd0-519a7ca0e2b3,2022-03-15 15:54:19.772349,2022-03-15 15:53:52.582750,26.2,26.2,2022-03-15 15:54:29.893290,2022-03-15 15:54:55.246000,2022-03-15,2022-03-15
341,e2a439ae-ff8a-4585-a99b-800cf7673d65,2022-03-15 15:56:14.157444,2022-03-15 15:55:46.967845,26.5,26.5,2022-03-15 15:56:24.278385,2022-03-15 15:56:49.631095,2022-03-15,2022-03-15
342,42d002a0-08d6-4574-b1d6-58b3158096c0,2022-03-15 15:57:54.140714,2022-03-15 15:57:26.951115,26.4,26.4,2022-03-15 15:58:04.261655,2022-03-15 15:58:29.614365,2022-03-15,2022-03-15
343,d746d64c-abc0-4ad9-8f5e-bf7bfda6cd8f,2022-03-15 15:59:58.687786,2022-03-15 15:59:31.498187,22.6,22.6,2022-03-15 16:00:08.808727,2022-03-15 16:00:34.161437,2022-03-15,2022-03-15
344,ce715847-dc80-4b75-9588-68c489875578,2022-03-15 16:02:08.904817,2022-03-15 16:01:41.715218,22.1,22.1,2022-03-15 16:02:19.025758,2022-03-15 16:02:44.378468,2022-03-15,2022-03-15
345,448938f7-377f-475d-b0f5-a69ece93234c,2022-03-15 16:04:31.237691,2022-03-15 16:04:04.048092,23.9,23.9,2022-03-15 16:04:41.358632,2022-03-15 16:05:06.711342,2022-03-15,2022-03-15
346,ce567de3-19fb-4f26-89a2-11a9a1cc1dcb,2022-03-15 16:06:53.242737,2022-03-15 16:06:26.053138,26.2,26.2,2022-03-15 16:07:03.363678,2022-03-15 16:07:28.716388,2022-03-15,2022-03-15
347,d09ee3f8-e9da-4a68-a7cc-cd1b0d4ec0b1,2022-03-15 16:09:15.941396,2022-03-15 16:08:48.751797,21.9,21.9,2022-03-15 16:09:26.062337,2022-03-15 16:09:51.415047,2022-03-15,2022-03-15
348,1d2a6d96-233b-48bc-b234-aa036662039a,2022-03-15 16:11:38.730657,2022-03-15 16:11:11.541058,22.1,22.1,2022-03-15 16:11:48.851598,2022-03-15 16:12:14.204308,2022-03-15,2022-03-15
349,577e1742-2004-4c63-b310-27b1affbb4f3,2022-03-15 16:14:00.173730,2022-03-15 16:13:32.984131,24.7,24.7,2022-03-15 16:14:10.294671,2022-03-15 16:14:35.647381,2022-03-15,2022-03-15
350,c16b5e17-19d9-4c6b-95c6-7411f321a140,2022-03-15 16:17:35.782067,2022-03-15 16:17:08.592468,23.9,23.9,2022-03-15 16:17:45.903008,2022-03-15 16:18:11.255718,2022-03-15,2022-03-15
351,7ddf1644-4a2d-4a38-a8ab-13229cf69b62,2022-03-15 16:19:58.352767,2022-03-15 16:19:31.163168,23.6,23.6,2022-03-15 16:20:08.473708,2022-03-15 16:20:33.826418,2022-03-15,2022-03-15
352,e9c0fb17-70d2-444a-8729-1963e631a799,2022-03-15 16:22:20.395942,2022-03-15 16:21:53.206343,23.4,23.4,2022-03-15 16:22:30.516883,2022-03-15 16:22:55.869593,2022-03-15,2022-03-15
353,7693b569-bd28-443a-9b6c-354a02604a46,2022-03-15 16:24:43.067001,2022-03-15 16:24:15.877402,22.0,22.0,2022-03-15 16:24:53.187942,2022-03-15 16:25:18.540652,2022-03-15,2022-03-15
354,57fd736f-3be2-4ab7-9af7-c6c9c6b626cb,2022-03-15 16:27:05.636088,2022-03-15 16:26:38.446489,21.8,21.8,2022-03-15 16:27:15.757029,2022-03-15 16:27:41.109739,2022-03-15,2022-03-15
355,2daf217b-f87c-4de6-b291-01252dc555dd,2022-03-15 16:29:27.435097,2022-03-15 16:29:00.245498,21.7,21.7,2022-03-15 16:29:37.556038,2022-03-15 16:30:02.908748,2022-03-15,2022-03-15
356,ec162a92-e937-4f61-a6e8-704d68f4bbfa,2022-03-15 16:37:30.649710,2022-03-15 16:37:03.460111,22.1,22.1,2022-03-15 16:37:40.770651,2022-03-15 16:38:06.123361,2022-03-15,2022-03-15
357,e620d5a0-cf53-48a5-ae07-af9ff65d5d9c,2022-03-15 16:39:53.050722,2022-03-15 16:39:25.861123,23.4,23.4,2022-03-15 16:40:03.171663,2022-03-15 16:40:28.524373,2022-03-15,2022-03-15
358,94c58c36-846e-4341-a62b-53b36d543c7c,2022-03-15 16:42:15.461704,2022-03-15 16:41:48.272105,24.4,24.4,2022-03-15 16:42:25.582645,2022-03-15 16:42:50.935355,2022-03-15,2022-03-15
359,0528f25f-da0d-4686-961e-1b3b63b1f4ef,2022-03-15 16:44:37.484629,2022-03-15 16:44:10.295030,21.5,21.5,2022-03-15 16:44:47.605570,2022-03-15 16:45:12.958280,2022-03-15,2022-03-15
360,7bebe0be-1746-4443-a3b5-d0c4f260078f,2022-03-15 16:47:35.573348,2022-03-15 16:47:08.383749,21.5,21.5,2022-03-15 16:47:45.694289,2022-03-15 16:48:11.046999,2022-03-15,2022-03-15
361,64256b7f-e067-4d9b-a278-3b4d7cfa314e,2022-03-15 16:52:12.145296,2022-03-15 16:51:44.955697,21.4,21.4,2022-03-15 16:52:22.266237,2022-03-15 16:52:47.618947,2022-03-15,2022-03-15
362,215e698d-866a-401d-870e-60e446deccc3,2022-03-15 16:53:52.856578,2022-03-15 16:53:25.666979,21.5,21.5,2022-03-15 16:54:02.977519,2022-03-15 16:54:28.330229,2022-03-15,2022-03-15
363,65a8bf1a-7140-4b24-be7c-a36a7a2db5ba,2022-03-15 16:56:18.993370,2022-03-15 16:55:51.803771,21.5,21.5,2022-03-15 16:56:29.114311,2022-03-15 16:56:54.467021,2022-03-15,2022-03-15
364,29f0adb1-671e-4aba-9ef6-0b0ece756f42,2022-03-15 16:59:55.303980,2022-03-15 16:59:28.114381,21.7,21.7,2022-03-15 17:00:05.424921,2022-03-15 17:00:30.777631,2022-03-15,2022-03-15
365,04ce4665-2c50-43c0-92f3-5ab49c31f412,2022-03-16 12:34:35.873705,2022-03-16 12:34:08.684106,21.5,21.5,2022-03-16 12:34:45.994646,2022-03-16 12:35:11.347356,2022-03-16,2022-03-16
366,f1cd07e0-ee86-4897-9d36-71f7ca3c3f4a,2022-03-16 12:41:35.695986,2022-03-16 12:41:08.506387,25.6,25.6,2022-03-16 12:41:45.816927,2022-03-16 12:42:11.169637,2022-03-16,2022-03-16
367,58fd5d94-1082-44e8-9090-ff004153ef12,2022-03-16 12:43:34.037409,2022-03-16 12:43:06.847810,25.6,25.6,2022-03-16 12:43:44.158350,2022-03-16 12:44:09.511060,2022-03-16,2022-03-16
368,d20d76cf-e3d9-48ad-8a76-f8c2a0bf5ad8,2022-03-16 12:58:19.807317,2022-03-16 12:57:52.617718,26.4,26.4,2022-03-16 12:58:29.928258,2022-03-16 12:58:55.280968,2022-03-16,2022-03-16
369,5239d8aa-ae9f-4a2c-b298-ec9e4026d82f,2022-04-27 09:36:04.355295,2022-04-27 09:35:37.165696,0.0,0.0,2022-04-27 09:36:14.476236,2022-04-27 09:36:39.828946,2022-04-27,2022-04-27
370,eb006f7e-35b0-4bdf-8e24-e5965e03c454,2022-05-03 15:34:54.726742,2022-05-03 15:34:27.537143,0.0,0.0,2022-05-03 15:35:04.847683,2022-05-03 15:35:30.200393,2022-05-03,2022-05-03
371,c24732b2-a760-4315-b29d-b3ca44affb26,2022-05-04 08:04:57.372795,2022-05-04 08:04:30.183196,0.0,0.0,2022-05-04 08:05:07.493736,2022-05-04 08:05:32.846446,2022-05-04,2022-05-04
372,c8765708-10aa-45ba-bb2c-a3c171bbcaff,2022-05-12 19:12:19.421433,2022-05-12 19:11:52.231834,0.0,0.0,2022-05-12 19:12:29.542374,2022-05-12 19:12:54.895084,2022-05-12,2022-05-12
373,aa0d9200-5c90-4d3d-adb4-27045c6855c9,2022-06-02 09:05:56.619451,2022-06-02 09:05:29.429629,0.0,0.0,2022-06-02 09:06:06.740392,2022-06-02 09:06:32.093102,2022-06-02,2022-06-02
374,08537450-510f-4b99-b552-49d263e6f611,2022-06-02 09:10:56.828854,2022-06-02 09:10:29.639074,23.5,23.5,2022-06-02 09:11:06.932722,2022-06-02 09:11:32.302483,2022-06-02,2022-06-02
375,3f86f547-5489-45cc-b4f1-e3735b34c40e,2022-06-02 09:12:34.767733,2022-06-02 09:12:07.578195,23.4,23.4,2022-06-02 09:12:44.899782,2022-06-02 09:13:10.241268,2022-06-02,2022-06-02
376,fa720546-75dd-4af3-a680-023884a45edc,2022-06-02 09:15:04.755793,2022-06-02 09:14:37.566409,23.6,23.6,2022-06-02 09:15:14.877606,2022-06-02 09:15:40.229497,2022-06-02,2022-06-02
377,2fca757b-9977-4600-a519-fe15a061d5ea,2022-06-02 09:16:42.708717,2022-06-02 09:16:15.519023,23.8,23.8,2022-06-02 09:16:52.834750,2022-06-02 09:17:18.182453,2022-06-02,2022-06-02
