,uuid,timestamp_qual_start,qual_height,qual_color
0,54f145d2-e871-4bb9-8f9f-ee72e2ced9cd,2022-01-27 09:16:21.688684,0.0,0.0
1,a3ec2e1f-fa73-4c7c-9b2b-76c11e607ded,2022-01-27 09:17:59.504191,0.0,0.0
2,3fad8ca6-c3f5-4646-8d13-4d12c23bce4b,2022-01-27 09:20:07.455048,0.0,0.0
3,c047f085-5295-487c-983b-822973db31d8,2022-01-27 09:21:44.876556,0.0,0.0
4,d635cbe2-f5dc-4bc2-af97-b7dfb4f52dbc,2022-01-27 09:23:22.772306,0.0,0.0
5,9353e595-3e50-4b7f-a837-3179e90bc280,2022-01-27 09:24:59.877861,0.0,0.0
6,2c00d197-8706-4f91-b693-d69ca3453282,2022-01-27 09:26:38.333524,0.0,0.0
7,127a427b-c41b-4d80-912c-a8071ec1d62e,2022-01-27 09:28:16.197141,0.0,0.0
8,5d92230e-1a76-45f9-a999-e21f7bc46cb4,2022-01-27 09:30:15.464156,0.0,0.0
9,a8a6bf06-2160-4aed-8bf4-51b2c3452a0b,2022-01-27 09:32:17.555289,0.0,0.0
10,1fd97a4f-52b5-44b1-99ca-bbd1265a38f6,2022-01-27 09:33:54.756874,0.0,0.0
11,0baf0a82-b664-49a6-b761-f6d92d635773,2022-01-27 09:35:32.902530,0.0,0.0
12,1757b9d1-20c2-43c3-8d29-1cbe1fdf413b,2022-01-27 09:37:10.424217,0.0,0.0
13,0eae743f-d431-4c83-b376-692607138147,2022-01-27 09:39:00.417633,0.0,0.0
14,ae09f33c-dd60-4295-901a-06d6515f9a09,2022-01-27 09:40:37.893244,0.0,0.0
15,18b87675-a09b-4ebb-b21b-87128e5d0fc0,2022-01-27 09:42:15.607051,0.0,0.0
16,8b8c606e-a5fb-4e4f-872d-0747b03a335f,2022-01-27 09:43:53.460724,0.0,0.0
17,db81600b-0ccf-46eb-a808-cf99aa061515,2022-01-27 09:45:31.522306,0.0,0.0
18,2b93a06a-e418-4876-aa32-1ba995d97ee1,2022-01-27 09:47:08.905985,0.0,0.0
19,dd2dcb65-a7f3-496d-908c-16615c46486e,2022-01-27 09:48:46.155717,0.0,0.0
20,892fc4ca-343d-47e8-b959-f9857ee1419c,2022-01-27 09:50:23.789303,0.0,0.0
21,fecffa35-bfde-416c-9a80-5572d98f8d64,2022-01-27 09:52:48.217845,0.0,0.0
22,6be3028e-4393-4095-a662-5d849a9798fb,2022-01-27 09:54:26.167513,0.0,0.0
23,71e6fdb9-cf48-4d7c-86ff-2a35fe47570b,2022-01-27 09:56:03.535129,0.0,0.0
24,b222d96e-cd2e-4e8a-8e06-41e04ce2df27,2022-01-27 09:57:40.844853,0.0,0.0
25,8c45a87c-5508-4585-85f4-201d5266d554,2022-01-27 09:59:18.550319,0.0,0.0
26,1fc9cdb0-5804-4f9a-a462-f708627fe584,2022-01-27 10:00:56.103930,0.0,0.0
27,ae43247e-7159-404f-af1d-6e16c3b77605,2022-01-27 10:02:33.885546,0.0,0.0
28,0de65557-2208-4796-b402-de70de0e0f30,2022-01-27 10:04:33.584597,0.0,0.0
29,b07c18e8-c3e2-48a2-8aac-769a2260bb6d,2022-01-27 10:06:10.978214,0.0,0.0
30,a497a745-69a8-4cf5-8756-6bac289cb08b,2022-01-27 10:07:48.631986,0.0,0.0
31,875d63cf-1926-42cb-bcc2-7605a41b5e27,2022-01-27 10:09:25.925666,0.0,0.0
32,10a5fc4e-4b1d-489b-b735-cf606b629d51,2022-01-27 10:11:03.885327,0.0,0.0
33,5da8e8e2-8a24-4452-ae1b-51b04deaf813,2022-01-27 10:12:40.981053,0.0,0.0
34,14d5510b-7ee0-4cb2-8c22-39ec168780f3,2022-01-27 10:14:17.918803,0.0,0.0
35,c12c6879-3bd1-4fc6-9ba0-3303d6e6a029,2022-01-27 10:15:55.634580,0.0,0.0
36,95fed411-0495-4dac-99a9-4620995fd101,2022-01-27 10:17:33.216260,0.0,0.0
37,5fa59a1b-4b74-4730-8be0-413e0b2ed066,2022-01-27 10:19:10.675934,0.0,0.0
38,6c518ada-d8c0-479b-9581-f38fb455122c,2022-01-27 10:20:48.417528,0.0,0.0
39,9de4e943-66b8-4d80-90f8-6b52520d45c3,2022-01-27 10:22:26.276933,0.0,0.0
40,d7aeea8c-a1e0-4059-abb8-b674370c579e,2022-01-27 10:24:04.724680,0.0,0.0
41,8cddde73-9066-4390-bbfe-8877c83d4715,2022-01-27 10:25:41.772277,0.0,0.0
42,e0d47802-02e2-4158-a491-58ea31c9c554,2022-01-27 10:27:20.071854,0.0,0.0
43,de1dd96e-bc24-47c5-abd7-f1eb8851e8ca,2022-01-27 10:28:57.411373,0.0,0.0
44,bc66f466-1123-475b-9981-41ee31c1deea,2022-01-27 10:30:34.968990,0.0,0.0
45,4d06decd-d964-4234-9cd6-c75803f918d3,2022-01-27 10:32:13.822554,0.0,0.0
46,dd3ecd76-e98e-49df-a309-f381f6ea2b76,2022-01-27 10:33:51.376439,0.0,0.0
47,9655053e-62bc-43d9-8925-5d7671f9de21,2022-01-27 10:35:41.097432,0.0,0.0
48,4954525e-aee3-4b14-9505-fd2539087755,2022-01-27 10:37:14.263168,0.0,0.0
49,7521bc94-a3b0-4065-a2c6-36c19081ea55,2022-01-27 10:38:41.502898,0.0,0.0
50,638e811e-c911-41e9-9978-7875834e681f,2022-01-27 10:40:14.668485,0.0,0.0
51,3afbd049-f7c0-4b58-9f9d-4f3528a7067a,2022-01-27 10:41:47.834172,0.0,0.0
52,a4052d3e-0e07-4609-b731-3c13b6e2cfef,2022-01-27 10:43:20.994545,0.0,0.0
53,362938db-2585-4aba-94a7-9c2d2872db4f,2022-01-27 10:44:59.683415,0.0,0.0
54,743ad326-1011-4c3d-914f-bdf73b85d7bf,2022-01-27 10:46:37.202876,0.0,0.0
55,29a2b5d7-a20f-4dce-9dc1-fd14110762ed,2022-01-27 10:48:15.058529,0.0,0.0
56,c88486ea-bc48-4a47-97e0-24de43f32315,2022-01-27 10:49:53.142095,0.0,0.0
57,724e7be0-d212-4ab4-af60-f8147c5c03dc,2022-01-27 10:51:30.237840,0.0,0.0
58,0bf5adf0-faf0-4f71-be73-f2c372844a4e,2022-01-27 10:53:07.667363,0.0,0.0
59,9a74a6b8-38c7-49d7-b40b-9a2f0692c7bc,2022-01-27 10:54:45.637261,0.0,0.0
60,aa6c0ecf-7fbc-46a1-961a-7bb8b71c8205,2022-01-27 10:56:25.012539,0.0,0.0
61,a20ec038-7932-41bb-bcfa-d2ccfa30e553,2022-01-27 10:58:03.210279,0.0,0.0
62,9beabeaf-c33e-4ee5-a715-043053fbe856,2022-01-27 10:59:40.903999,0.0,0.0
63,024fe6dc-29cb-4da9-accc-d31ce0d38117,2022-01-27 11:01:18.017517,0.0,0.0
64,fb406211-adf6-4be2-aa47-37711cbd990d,2022-01-27 11:02:55.525040,0.0,0.0
65,0b213d4c-1e06-4e95-8ab1-ffc336d51b0c,2022-01-27 11:04:32.616657,0.0,0.0
66,d78af782-aef7-41f2-a397-85b78022faae,2022-01-27 11:06:09.940883,0.0,0.0
67,8862d8cd-410d-4640-8cc6-6d3b4013216a,2022-01-27 11:07:48.085992,0.0,0.0
68,6aa246cf-623c-44dd-a66c-3189998fe868,2022-01-27 11:09:26.081630,0.0,0.0
69,0eaa997c-8216-4d02-b21b-9678cfb95079,2022-01-27 11:11:03.911298,0.0,0.0
70,9f134d11-e0bc-474c-b4c7-c7f6b724d459,2022-01-27 11:12:41.742857,0.0,0.0
71,d3720596-f58a-4a6d-9a73-acd568e3bcfd,2022-01-27 11:14:19.248473,0.0,0.0
72,24d1b843-aeef-449c-8917-cea862ce8bfa,2022-01-27 14:21:15.718174,0.0,0.0
73,282d3e87-ee2d-4b1f-bf03-2efbb36ad53f,2022-01-27 14:24:17.489608,0.0,0.0
74,4a8cfc6b-9315-405b-820f-e82a427ed563,2022-01-27 14:28:35.767306,0.0,0.0
75,1f7d2da2-135a-4352-a2ce-2f18a6564a0c,2022-01-27 14:31:02.323645,0.0,0.0
76,059d30e5-aa67-418c-9726-cb81b94d68c4,2022-01-27 14:34:59.601631,0.0,0.0
77,f5ff4284-22b2-47ac-82c3-c1b0c7074b57,2022-01-27 14:37:05.840491,0.0,0.0
78,58e57f13-f040-4e71-8de2-9afc026881be,2022-01-27 14:39:14.719325,0.0,0.0
79,fb392a77-9a63-4819-8d50-5ae0a72244f3,2022-01-27 14:40:53.966843,0.0,0.0
80,cc171ea1-755f-452b-97bc-6bceae82ce17,2022-01-27 14:44:14.222773,0.0,0.0
81,13bb5261-00e5-4bfd-9366-aba16c8c2250,2022-01-27 14:45:49.380301,0.0,0.0
82,797d8f26-92aa-4d56-a82b-88ceb90108e4,2022-01-27 15:48:57.894547,0.0,0.0
83,8e8295e0-9e9b-40c0-b6f2-d132840f4fa4,2022-01-27 15:50:48.845770,0.0,0.0
84,3e230896-3687-4420-918f-f23360a9ae58,2022-01-27 15:52:41.608969,0.0,0.0
85,35d8da6d-3547-4e51-a4fc-6476f9622ca6,2022-01-27 15:54:21.052430,0.0,0.0
86,bdd017c1-b452-453b-b924-ac9509a39f3a,2022-01-31 09:39:26.793729,0.0,0.0
87,b2ee8ce1-7558-4e74-857b-1bf9d518329c,2022-01-31 09:41:06.735748,0.0,0.0
88,180a79df-046f-46b5-a561-609bceb3bed7,2022-01-31 09:48:04.994953,0.0,0.0
89,d5f72431-1548-4c12-99b3-b039a2d3b325,2022-01-31 09:50:41.729418,0.0,0.0
90,94557b60-9a94-4095-899e-21d40a407efb,2022-01-31 09:55:32.674997,0.0,0.0
91,9df9a681-9d14-44b3-a343-72f563f794ce,2022-01-31 09:57:39.802061,0.0,0.0
92,b15a0a9b-6ecd-41e4-83d4-fd35054584f2,2022-01-31 09:59:20.815630,0.0,0.0
93,916ad6f6-4baa-4ada-9bed-6a9c2803a00e,2022-01-31 10:02:39.416810,0.0,0.0
94,22c49e3d-e393-45f6-bc7b-8f36ef8b74dd,2022-01-31 10:04:21.216337,0.0,0.0
95,f71e9a93-ac0d-434f-a441-a9e596ea003b,2022-01-31 10:08:51.035860,0.0,0.0
96,fb47918b-2aa8-45ab-9aba-6272919166b4,2022-01-31 10:10:32.797468,0.0,0.0
97,06ae6402-73ec-4154-8565-64236e937506,2022-01-31 10:18:02.355049,0.0,0.0
98,a699ff6b-f8d1-4ef1-b5ae-74d34f85b4ff,2022-01-31 10:19:44.828634,0.0,0.0
99,f191ecbb-cb4c-4c83-ab8b-53ee264f21c8,2022-01-31 10:58:32.329115,0.0,0.0
100,fe4d6a9e-c0ed-471b-9e9f-8483cca080ee,2022-01-31 11:00:15.032706,0.0,0.0
101,b6259f7c-f4ce-4be2-b202-2972289e5720,2022-01-31 11:01:56.340435,0.0,0.0
102,25a6766f-c6e2-4b4d-a08c-126ba6737d09,2022-01-31 11:03:39.132100,0.0,0.0
103,fa83e068-9ece-45a5-ae5f-796bb7dc7fed,2022-01-31 11:05:21.215746,0.0,0.0
104,ad2e0464-2f29-4839-b135-f4d69444929c,2022-02-02 08:08:26.827997,0.0,0.0
105,1869b4eb-eaca-4e1b-87b5-620f5e7c65ad,2022-02-02 08:10:08.053671,0.0,0.0
106,3a232702-c678-47d8-ade7-88fbe993f1c0,2022-02-02 08:12:11.508776,0.0,0.0
107,69409260-ce10-4289-b447-9a52fe4ba0ad,2022-02-02 08:13:53.130333,0.0,0.0
108,b6775e64-f422-42fa-887d-814cf3d66275,2022-02-02 08:15:35.139980,0.0,0.0
109,d69d65b5-5f8c-45ed-b5d2-459018aede5e,2022-02-02 08:17:16.495574,0.0,0.0
110,716197de-7de1-48ea-92d8-b6ff9ec0e2cd,2022-02-02 08:18:59.361152,0.0,0.0
111,3369e1f4-5665-463f-ab53-5d997c438de2,2022-02-02 08:20:52.502445,0.0,0.0
112,9564cdfb-7793-4f96-9ea8-a7bcddc8e649,2022-02-02 08:22:34.893947,0.0,0.0
113,88999dce-15bb-4a59-a661-32f21a4a2ceb,2022-02-02 08:24:16.949526,0.0,0.0
114,09c4f064-71db-4ec9-b298-00a98cb40de0,2022-02-02 08:25:58.885046,0.0,0.0
115,66e77793-baca-4010-9926-371cbf47cc7b,2022-02-02 08:45:49.607962,0.0,0.0
116,a47ad5ec-e2ee-4124-9bfd-7f49cb895d55,2022-02-02 09:01:27.725011,0.0,0.0
117,1df60463-0345-467e-b941-bffb646bda96,2022-02-02 09:05:59.028237,0.0,0.0
118,6b148b3f-707b-49bd-bda4-006812d6857e,2022-02-02 09:13:51.420816,0.0,0.0
119,c4a6455c-2f93-4a09-b77d-564813052a34,2022-02-07 10:56:19.714133,0.0,0.0
120,f85df2e2-b12d-49c4-9ff5-ea67cb04c87b,2022-02-07 11:28:30.442093,0.0,0.0
121,c8cce0c9-e01e-4962-b30c-90b0a4e3683d,2022-02-07 11:31:17.824217,0.0,0.0
122,6761ad52-d426-4f65-b3bd-b71106aca9ea,2022-02-07 11:33:42.140841,0.0,0.0
123,34530a9f-28f7-4997-bf06-178996a8cbd8,2022-02-07 11:35:48.907844,0.0,0.0
124,c304de50-4cce-44d2-b168-03d779fd22c0,2022-02-07 11:36:46.670520,0.0,0.0
125,9f83920b-9538-47e9-90ec-9203ac7f516b,2022-02-07 11:43:45.590442,0.0,0.0
126,c9c28717-bff0-4b60-8420-418f7dbf68eb,2022-02-07 11:47:21.559040,0.0,0.0
127,4243ea90-5969-4dad-a45a-4fc9c981a544,2022-02-07 11:50:05.281290,0.0,0.0
128,26b642c1-ea67-45c5-b153-28d814ba123c,2022-02-14 09:53:49.970066,0.0,0.0
129,40464519-c9f0-4047-8ba6-1b8f6b016a72,2022-02-14 09:55:48.751598,0.0,0.0
130,6cbc85a4-6b7e-464d-b336-d11fada43763,2022-02-14 10:01:38.780345,0.0,0.0
131,87e63f6a-6daa-4952-920c-271acdd0418e,2022-02-14 10:03:43.525777,0.0,0.0
132,9470068a-e97e-4346-9d85-fcfe6e713c98,2022-02-14 10:05:25.089065,0.0,0.0
133,a1595482-db09-4f09-9dd7-15edb905e076,2022-02-14 10:07:06.650089,0.0,0.0
134,2ebf0c85-4d25-44b2-b710-c8987ff2fc41,2022-02-14 10:08:47.950956,0.0,0.0
135,471dcbf4-77f2-4ccd-ac0e-04de05279ef5,2022-02-23 09:03:56.971831,0.0,0.0
136,aad7760f-c1b6-4d11-b0ca-cc1696ebcd57,2022-02-23 09:07:31.442425,0.0,0.0
137,4a40faf8-15c9-4aec-a34d-e61ccc6c2b41,2022-02-23 09:11:21.704678,0.0,0.0
138,df2a745b-0d7a-41aa-aaa2-3cddde245bbb,2022-02-23 09:13:11.671936,0.0,0.0
139,d3672b03-6f57-4270-9c11-e8401aec769a,2022-02-23 09:15:15.749213,0.0,0.0
140,c8baa5c6-34f1-4cc3-86a3-ba05f3d9e2be,2022-02-23 13:38:23.262217,0.0,0.0
141,b7966642-4079-49e1-b024-3f5806d1ac52,2022-02-24 07:43:01.583483,0.0,0.0
142,ac7fe2da-e721-419c-8e7d-4723e18f7832,2022-02-24 07:44:11.813003,0.0,0.0
143,d726d7a9-8541-4e21-8540-dc789beb8a44,2022-02-24 07:47:17.505746,0.0,0.0
144,31e221d1-43eb-4bdb-a241-f640053caeac,2022-02-24 07:48:41.551175,0.0,0.0
145,4300fbbf-e7fc-47f2-a214-f3e1dce3ef6a,2022-02-24 07:53:56.524994,0.0,0.0
146,f4850b0b-7188-4bbf-bdf0-42f532267e46,2022-02-24 07:57:30.881515,0.0,0.0
147,a9887f00-b9c2-4eab-b3ad-4572ba30d2c8,2022-02-24 08:04:41.175490,0.0,0.0
148,4b2c09c8-9e88-4119-b827-8e9554f04324,2022-02-24 08:06:22.384935,0.0,0.0
149,753ada26-3133-4780-9219-3dd625aff71f,2022-02-24 13:13:06.939192,0.0,0.0
150,ede0b412-2a44-47f6-85a3-2f5526ff8b1a,2022-02-24 13:14:47.732523,0.0,0.0
151,0e26513d-426b-4db5-8ba3-3c6cf1d0e247,2022-02-24 13:18:29.486937,0.0,0.0
152,b91b5fda-8b76-416a-9465-2d2759d932ff,2022-02-24 13:20:10.154408,0.0,0.0
153,ee0bf39b-7633-47ef-9c00-1a90c418e5d4,2022-02-24 13:23:11.538941,0.0,0.0
154,222c098f-4108-4bda-a4cb-ae7ecd3c4a23,2022-02-24 13:25:40.737831,0.0,0.0
155,3e353c6b-5d64-494e-b74f-ed7e1d963150,2022-02-24 13:27:21.694990,0.0,0.0
156,29124729-53f5-41f9-974f-d77fa36c14bd,2022-02-24 13:29:03.062059,0.0,0.0
157,e41ca39e-f9a3-4c15-b7da-738b25a25f8b,2022-02-24 13:30:44.973324,0.0,0.0
158,1904f5fc-292a-4690-b4c4-c6dce35b6e7e,2022-02-24 13:32:50.780381,0.0,0.0
159,275b6bb0-bd9d-4265-a07c-96d43d5ed125,2022-02-24 13:34:31.689571,0.0,0.0
160,51add3fa-bb63-4bfd-a906-b6077c4617f1,2022-02-24 13:36:13.688837,0.0,0.0
161,0d853800-c19b-454c-af7e-b210cc3860d8,2022-03-01 14:08:18.140289,0.0,0.0
162,1a9a9378-8e16-4963-9408-272c34b6ba91,2022-03-01 14:17:09.611939,0.0,0.0
163,32692512-bc00-4b41-9f94-beb705b120ec,2022-03-01 14:24:46.666992,0.0,0.0
164,2e72f83c-a3a3-4b46-831c-5bfdd3e53217,2022-03-01 14:41:50.174772,0.0,0.0
165,e2f12a40-2e6d-49ea-a13f-c640f8b76fb7,2022-03-01 15:02:09.164228,0.0,0.0
166,8285cd17-04a4-4579-b510-9b68473e4cca,2022-03-01 15:09:26.748348,0.0,0.0
167,de07d8d7-13ca-4b1e-8eee-2346e6c2a872,2022-03-01 15:30:39.483247,0.0,0.0
168,ad150dc3-e6d0-4640-a777-fa3a3ecddad2,2022-03-01 15:33:52.993568,0.0,0.0
169,f44b388b-c661-48c7-9adb-8c9a7a24a08f,2022-03-01 15:46:02.804578,0.0,0.0
170,ddb892c2-68f3-44a2-8b30-4d965d4670e5,2022-03-01 16:00:32.266443,0.0,0.0
171,59f70327-a396-4c0d-b53b-002c7fe86733,2022-03-01 16:07:01.312988,0.0,0.0
172,17682420-3d93-4ca4-a455-c266218009b2,2022-03-01 16:10:23.765423,0.0,0.0
173,c0def778-b974-4e47-93ce-0356774f3846,2022-03-01 16:36:46.797154,0.0,0.0
174,08eb3567-a8a1-41e2-98a1-5fd0e5b6e52e,2022-03-01 16:43:43.843571,0.0,0.0
175,7c7a4c2d-30b8-40b4-bc21-86c7b267f605,2022-03-01 17:01:49.088497,0.0,0.0
176,3b139801-b784-4acc-8c92-a97718adf992,2022-03-01 17:04:24.065373,0.0,0.0
177,3f85d596-a7aa-4a00-8ffe-bb916c32314c,2022-03-01 17:14:25.380256,0.0,0.0
178,0e388c26-43eb-4e3b-9b88-caf6abbe6a94,2022-03-01 17:19:24.019678,0.0,0.0
179,8277f182-51b7-4f56-b5c5-5de0d315ed87,2022-03-01 17:21:59.924285,0.0,0.0
180,aefce24e-c776-47ee-8dd6-2cc1c3236661,2022-03-01 17:58:36.759324,0.0,0.0
181,0ab48351-f49c-4224-984c-ac9598c2199b,2022-03-03 12:48:03.861044,0.0,0.0
182,f15eee04-97c8-4c48-a6c0-2952d4740865,2022-03-03 12:59:05.616606,0.0,0.0
183,b2f3e354-3274-4385-8a96-31e32d3143f3,2022-03-03 13:04:16.412062,0.0,0.0
184,98dc88ac-5c49-43af-8a5b-75289ffb23ae,2022-03-03 13:13:58.701852,0.0,0.0
185,e37cc8f0-9330-4e41-adf0-dfeff8534d9a,2022-03-03 15:35:24.390780,0.0,0.0
186,96b160d6-397a-47d5-ba2d-3990fc31f156,2022-03-04 15:37:04.588929,0.0,0.0
187,db93cc9b-d114-4cfa-b463-2c45256b79f0,2022-03-04 15:38:41.153341,0.0,0.0
188,113d001e-1200-44f6-9919-c1c22c7e2692,2022-03-04 15:40:37.806227,0.0,0.0
189,e1144009-8275-4922-a38c-ce98150cde90,2022-03-04 15:42:40.811608,0.0,0.0
190,3f2afa75-27c6-4b33-8ad4-438076b48e81,2022-03-04 15:44:25.540174,0.0,0.0
191,126d6fec-aeac-4f0b-9c9b-f278c88f3177,2022-03-08 14:38:32.009029,0.0,0.0
192,12cf8112-45e7-4c08-a14f-a38fdf38dba9,2022-03-14 11:19:18.138743,0.0,0.0
193,98f9be76-045e-4e1c-b47a-8f82f0c9cb1c,2022-03-14 11:21:22.357987,0.0,0.0
194,15abf071-456a-4645-b204-9e0ba958ab70,2022-03-15 08:17:18.577113,0.0,0.0
195,108b1677-53ee-44f9-b1bf-93ec4bd8aee7,2022-03-15 08:24:37.242679,0.0,0.0
196,6fd19286-26da-4302-9014-7190d79ac632,2022-03-15 08:31:18.152881,0.0,0.0
197,66b469d2-1e7f-46f4-a212-8e54d6d35c6a,2022-03-15 08:44:47.378359,0.0,0.0
198,c2d88893-c25d-4f65-97a0-0a6cb4f19355,2022-03-15 08:47:47.574861,0.0,0.0
199,c50fa2ee-1b34-4bf9-8a0a-8877db94647c,2022-03-15 08:50:45.977322,0.0,0.0
200,77a52cc1-9ca8-4c03-a56e-6302f5f060e2,2022-03-15 08:55:35.487647,0.0,0.0
201,82d1b96a-e168-41e0-8d8d-02b48bf0e8e8,2022-03-15 08:57:17.669984,0.0,0.0
202,6616fab3-23cb-4892-8e85-9b4337f5c8e3,2022-03-15 08:59:28.234919,0.0,0.0
203,5a3d6cb9-cae7-4beb-8908-152038841ccb,2022-03-15 09:01:34.642741,0.0,0.0
204,6a06f308-f254-488c-840c-a293ead06986,2022-03-15 09:02:40.311567,0.0,0.0
205,e97256f5-4c93-427b-b2db-0d5ba9d6f146,2022-03-15 09:07:05.591444,0.0,0.0
206,6376a8da-693c-4b3f-a1d0-9f751ade8dcf,2022-03-15 09:12:28.702788,0.0,0.0
207,276a765b-ff2a-4f58-b5af-853345c378d2,2022-03-15 09:15:08.575527,0.0,0.0
208,87e669a6-2c63-4277-b1a5-6be705a39b3d,2022-03-15 09:16:48.298600,0.0,0.0
209,5b238f4f-abc6-4e50-9628-2275ee20526d,2022-03-15 09:19:00.913498,0.0,0.0
210,f65cbcf9-939e-4f30-9eac-90342399bceb,2022-03-15 09:20:41.042681,0.0,0.0
211,0aa3eec3-1145-4da4-b500-839f5aae82d9,2022-03-15 09:22:21.523866,0.0,0.0
212,d4423836-c999-4341-8533-4020bfcaf7d9,2022-03-15 09:24:47.268586,0.0,0.0
213,99ff0950-aef4-4e0a-bfaa-f39849d80c55,2022-03-15 09:26:27.711706,0.0,0.0
214,66926b14-771d-494a-970e-8623f9fe7b02,2022-03-15 09:28:36.100508,0.0,0.0
215,0672798b-5335-470c-9105-8f9fe1c155b9,2022-03-15 09:30:16.597564,0.0,0.0
216,833724d3-e55d-45db-979d-8106ef729099,2022-03-15 09:31:20.498980,0.0,0.0
217,a55f559a-0eea-46ee-b003-2998b80c175c,2022-03-15 09:32:37.670251,0.0,0.0
218,a0170605-ab65-416a-b591-d8f4a23dc5ed,2022-03-15 09:34:17.639398,0.0,0.0
219,3bbd506b-7f97-4360-b984-ed686c456fe6,2022-03-15 09:35:58.002312,0.0,0.0
220,2f82f460-a6ce-4744-8bc1-51d9b504e420,2022-03-15 09:37:38.563451,0.0,0.0
221,228e0c0d-c723-4141-8b6f-deffb3dc697f,2022-03-15 09:40:27.443595,0.0,0.0
222,dafa7e9c-fc49-48f6-bb87-85fe43714d12,2022-03-15 09:43:17.188128,0.0,0.0
223,be24af01-3177-4b8f-aab5-a23ccb151f10,2022-03-15 09:44:57.027239,0.0,0.0
224,27855e4a-8600-4583-ab27-ea94e9c9fca7,2022-03-15 09:47:42.429820,0.0,0.0
225,d25fa695-b7e1-464b-b1dc-d1991831112f,2022-03-15 09:49:23.068906,0.0,0.0
226,1ebc8f90-a886-4582-9e26-3d6718f37e9e,2022-03-15 09:52:37.359385,0.0,0.0
227,08dd96ce-b9b8-4ad2-abd2-16b908341cf3,2022-03-15 09:54:17.902579,0.0,0.0
228,fa38fbf0-d2e7-4945-9b17-0359a102ccbc,2022-03-15 09:55:58.201723,0.0,0.0
229,2989c520-2e17-48f7-9cb4-b403419a2ec8,2022-03-15 09:57:37.690890,0.0,0.0
230,abc96cca-3fda-4f8c-b069-101651e8a4b2,2022-03-15 10:00:03.707557,0.0,0.0
231,f8970959-61a6-45cf-a9ba-55240fdcc957,2022-03-15 10:01:44.200695,0.0,0.0
232,b0361a95-4e4e-4bfe-a2ec-d1f78a5314d8,2022-03-15 10:05:03.210762,0.0,0.0
233,b9541b79-63ba-431e-80f7-58d1ef2a07c4,2022-03-15 10:06:43.707957,0.0,0.0
234,3de6a6cc-11b4-45d2-b8f3-99966696e396,2022-03-15 10:08:48.364867,0.0,0.0
235,f468cb25-8d4d-4bdb-96e8-b9150c35c5c5,2022-03-15 10:10:36.578078,0.0,0.0
236,ec42982b-4bc7-4465-adc9-029912a97106,2022-03-15 10:12:16.499361,0.0,0.0
237,97cd7d81-d2bc-47cd-9842-deed687fcd19,2022-03-15 10:13:56.618548,0.0,0.0
238,024f6026-82ee-424c-817c-7cc0d1a00ad2,2022-03-15 10:15:36.617721,0.0,0.0
239,ce0ef801-fc2d-42f3-b899-ad7e97fe3ac8,2022-03-15 10:20:58.133108,0.0,0.0
240,e7826be3-79ba-4a13-ac19-fd17c743e7e8,2022-03-15 10:24:07.645473,0.0,0.0
241,46c26878-da45-4185-bb23-1ea1e73d6b26,2022-03-15 10:25:47.346663,0.0,0.0
242,ce7c47cc-5a8a-47ec-94b9-980ab93da470,2022-03-15 10:28:21.119333,0.0,0.0
243,7878e135-c638-48c8-afbe-a76c64dec9ad,2022-03-15 10:30:01.186527,0.0,0.0
244,ac93e743-ba09-4f4a-b6c9-bd753911a07b,2022-03-15 10:32:21.377487,0.0,0.0
245,e23bc378-b884-42e3-9d6b-24fddc7d756b,2022-03-15 10:34:02.132454,0.0,0.0
246,71fa2e56-c9a3-410c-af32-e8724b2f9ac9,2022-03-15 10:35:42.549598,0.0,0.0
247,09da67e0-9751-4415-ac10-071f84250b9d,2022-03-15 10:37:23.086687,0.0,0.0
248,c59a6067-c84d-410b-8dd4-38a7252ce032,2022-03-15 10:39:03.449854,0.0,0.0
249,a11c5604-96d8-4532-9cd0-ad2316448780,2022-03-15 10:40:43.894944,0.0,0.0
250,7aa658ae-312a-4591-bad6-a3dcae331d81,2022-03-15 10:43:31.957395,0.0,0.0
251,7c6e1899-5a1d-4e3a-823f-ade79a18b62d,2022-03-15 10:45:12.320405,0.0,0.0
252,11194907-29c0-4a29-826a-8be496645729,2022-03-15 10:47:53.540765,0.0,0.0
253,32f61413-66c2-4d22-8223-7ffe4faf684c,2022-03-15 10:49:33.983696,0.0,0.0
254,1a7b73e2-d325-45d2-bfbe-33101d204e33,2022-03-15 10:51:14.148757,0.0,0.0
255,25703ca1-2e8e-4e21-88dd-8de9d8c7c54c,2022-03-15 10:52:54.307910,0.0,0.0
256,8a954ea5-96f1-4c50-90df-162070ae57ab,2022-03-15 10:54:58.988709,0.0,0.0
257,d72653a8-ec06-4ed8-8d5e-e5d94e501363,2022-03-15 10:56:39.365820,0.0,0.0
258,bf56d735-5527-4e5c-a5f0-b95ba8742d4f,2022-03-15 10:58:37.962614,0.0,0.0
259,63b5390a-5e6e-4527-ae56-97c766ee3829,2022-03-15 11:00:32.959488,0.0,0.0
260,b6aa10ab-342b-4eb9-a9b1-fefbc2879173,2022-03-15 11:02:13.108611,0.0,0.0
261,d27e71f1-0310-4a10-9439-60526dbc5ff0,2022-03-15 11:03:53.823797,0.0,0.0
262,7ca69255-14dd-4de1-b46f-8a67a058f104,2022-03-15 11:05:34.892944,0.0,0.0
263,69b12aa2-f78e-40dc-a495-dc1ac03900f4,2022-03-15 11:07:33.097963,0.0,0.0
264,6f41c11b-1efb-4f73-b676-f2f1fec746ce,2022-03-15 11:09:12.969226,0.0,0.0
265,36e7b95c-6f77-4a31-bbbe-c6f188d94620,2022-03-15 11:10:24.872564,0.0,0.0
266,64d1b00d-9da2-4c99-8afd-b6b71dd40faa,2022-03-15 11:12:54.177448,0.0,0.0
267,f26fb8a3-525d-4e09-9de3-06a95644ecbb,2022-03-15 11:14:34.660657,0.0,0.0
268,61ee2290-2921-447c-8164-1dc5b5d844ae,2022-03-15 11:16:15.511728,0.0,0.0
269,bd20a5a2-f16e-4866-bec6-279bcfc80b7e,2022-03-15 11:18:20.982718,0.0,0.0
270,3bc5f155-10b9-4c98-8b3e-34dd0410e03e,2022-03-15 11:20:39.419550,0.0,0.0
271,436170f8-7963-4e18-af8b-3891d4b9bc59,2022-03-15 11:22:20.087776,0.0,0.0
272,e23dc417-8daa-4dfe-8b3c-024762504c86,2022-03-15 11:24:00.522144,0.0,0.0
273,86b78219-a2f3-4cdf-b506-c101e0d69245,2022-03-15 11:25:40.845335,0.0,0.0
274,a20dfeea-ae8b-4200-806f-a6cafd944206,2022-03-15 11:27:21.716396,0.0,0.0
275,3732d335-096f-4d56-913d-8cbd6371e039,2022-03-15 11:29:02.195627,0.0,0.0
276,ff8dd08b-c136-4189-9f0e-85b0e94d1ec1,2022-03-15 11:31:39.678177,0.0,0.0
277,283972a9-0887-4ce4-8705-2784c3886f5b,2022-03-15 11:33:20.271244,0.0,0.0
278,1e9f390e-4fe6-447f-b01a-85b882730a9a,2022-03-15 11:35:00.766386,0.0,0.0
279,1640f8f8-b357-4cc1-96e5-df41ee9ee907,2022-03-15 11:37:05.873140,0.0,0.0
280,c91e8f9e-721d-4b52-b631-bed6501adba3,2022-03-15 11:38:46.194200,0.0,0.0
281,e087b7fb-11c2-4719-9fff-dd8417de5d25,2022-03-15 11:40:26.569257,0.0,0.0
282,5099849b-a4b1-4823-8cab-cfdbadac3ebc,2022-03-15 11:42:06.928259,0.0,0.0
283,fc75fa8c-2535-459a-aea7-cc79d456507d,2022-03-15 11:48:37.076543,0.0,0.0
284,9df2bda8-94ba-45e6-9975-477a7b29bdc7,2022-03-15 11:50:17.633647,0.0,0.0
285,80044d3b-6aae-42bb-aca3-529ea4bd1479,2022-03-15 11:51:58.332617,0.0,0.0
286,1ee63d0d-0014-44dd-87c3-36bd67b2d60c,2022-03-15 11:53:58.717522,0.0,0.0
287,93526455-2a08-4fa5-a5e6-86a7e620fd41,2022-03-15 11:55:39.414560,0.0,0.0
288,9b420eae-b829-4006-aaf6-bd284910544d,2022-03-15 11:57:19.957690,0.0,0.0
289,7e1f17ad-8284-4eb2-8204-2d95efbcbd9f,2022-03-15 14:16:40.139000,0.0,0.0
290,a93ac858-7421-4974-9283-6825ca8dd8f1,2022-03-15 14:17:24.632628,0.0,0.0
291,befcf363-320b-44e9-876c-b8c58ceafe1f,2022-03-15 14:19:20.163672,0.0,0.0
292,36b75843-5333-4dfa-af32-a3027119f95b,2022-03-15 14:21:02.344967,0.0,0.0
293,638f9a7d-20ee-4834-9a1b-8c186ffafc08,2022-03-15 14:22:44.760070,0.0,0.0
294,b1ef4fbd-0fb1-4cc6-a4af-16a101a56cd7,2022-03-15 14:24:27.029342,0.0,0.0
295,19230fd2-dc7b-47dd-81dd-82eb2cc64cf2,2022-03-15 14:26:09.344389,0.0,0.0
296,c7a0b633-a846-473a-a7b3-65775c9bc37e,2022-03-15 14:27:51.563559,0.0,0.0
297,887968ca-288b-4a2c-b73e-3eb48b70cbed,2022-03-15 14:29:33.558671,0.0,0.0
298,d00dc2f5-50a3-405f-b7e9-a1cdc1c2a94a,2022-03-15 14:31:15.713914,0.0,0.0
299,a9a4beb5-9bec-4f42-98bf-4a894cdf75cf,2022-03-15 14:32:57.688977,0.0,0.0
300,ab0ec6fa-1b4e-4c89-984c-dc2c87c783df,2022-03-15 14:34:39.264072,0.0,0.0
301,fc4aeb51-123b-43f1-a17e-7c4be3fe98dd,2022-03-15 14:36:20.859209,0.0,0.0
302,1cca0e60-7740-4022-92f4-4b68a9cd41bb,2022-03-15 14:38:01.946297,0.0,0.0
303,8911509b-5694-45f7-9029-bf4738ca5a17,2022-03-15 14:39:44.355470,0.0,0.0
304,097649e0-b15b-467f-b4c9-f751b999c9c8,2022-03-15 14:41:26.458579,0.0,0.0
305,5d3ba628-ca97-41fe-80de-069556ce03f8,2022-03-15 14:43:08.401801,0.0,0.0
306,5493303f-b770-4a79-bb52-5070849713bb,2022-03-15 14:44:50.501085,0.0,0.0
307,123a54c2-cb50-4c4c-90f2-58b3445c5463,2022-03-15 14:46:32.822224,0.0,0.0
308,b455ccaf-3f51-44b9-8cf5-692cd94d8281,2022-03-15 14:57:00.859156,0.0,0.0
309,afe522c5-5a44-4b32-b400-33a6c055369f,2022-03-15 14:58:18.708520,0.0,0.0
310,e145409f-2626-4ae9-a4bd-3a03b04dca14,2022-03-15 15:00:00.501942,0.0,0.0
311,466f8952-61b9-40f7-b70f-8ebd91a6b9df,2022-03-15 15:01:42.447150,0.0,0.0
312,8588e2cb-c89d-4816-bf70-f1601aa248da,2022-03-15 15:03:43.874273,0.0,0.0
313,c4e238fa-77d6-4731-9f5e-42fff9d5b77d,2022-03-15 15:05:25.915526,0.0,0.0
314,c5785327-9ead-475a-9516-f654dbc731c1,2022-03-15 15:07:08.006825,0.0,0.0
315,da80e7e4-4aa1-4544-81d6-d73fd14ef236,2022-03-15 15:08:50.624108,0.0,0.0
316,716630c5-7588-4d39-8d66-1c9d4086cc76,2022-03-15 15:10:58.047088,0.0,0.0
317,3bc48182-5409-47f2-9282-af114291f40b,2022-03-15 15:13:29.719989,0.0,0.0
318,5affdacb-d6bd-4361-9216-13924de4b88b,2022-03-15 15:15:11.127332,0.0,0.0
319,8afd02bc-9b53-452d-b1fd-0336533f5338,2022-03-15 15:16:52.282310,0.0,0.0
320,39cfd878-a9d8-4b73-8cb6-f3c662c95a31,2022-03-15 15:18:59.101081,0.0,0.0
321,5c698464-bae5-4a7c-ae11-bf80dbf45e65,2022-03-15 15:20:42.188210,0.0,0.0
322,d3e30566-06ad-46ce-9aaa-5dccafd19860,2022-03-15 15:22:30.777149,0.0,0.0
323,a0f2e995-2ff5-47a0-a7fb-2a2c55d82ada,2022-03-15 15:24:11.562407,0.0,0.0
324,0e14cc43-0431-473e-9e7f-00491d5a3519,2022-03-15 15:25:52.809517,0.0,0.0
325,85367c88-be60-40b3-8596-f531509b330c,2022-03-15 15:27:57.554626,0.0,0.0
326,9ca3cfbf-2f5d-47ef-92cd-7c07be0463c5,2022-03-15 15:29:08.594033,0.0,0.0
327,72074fe4-4a1e-4673-abad-25857fca4ecd,2022-03-15 15:30:49.981246,0.0,0.0
328,f6e3eec3-4e00-4f65-b431-8690f2bf6b1e,2022-03-15 15:32:30.520498,0.0,0.0
329,37ae2df0-ec73-4090-b274-2997eda64d88,2022-03-15 15:34:35.175532,0.0,0.0
330,1d278e33-9e78-43bf-86b9-70df34b4e761,2022-03-15 15:36:15.388778,0.0,0.0
331,f48ff6f8-47a0-4625-96d7-33e1db1042e5,2022-03-15 15:38:19.709797,0.0,0.0
332,c1d220c4-45ae-477a-a813-8587ba924247,2022-03-15 15:40:00.609033,0.0,0.0
333,f3718da1-175e-45c7-ac62-71cea9c62265,2022-03-15 15:41:41.094261,0.0,0.0
334,7f826cf1-f494-4a66-8d5d-8bb656da1656,2022-03-15 15:44:00.101136,0.0,0.0
335,efa760eb-aa1d-4a6c-9c49-68b714e70f8f,2022-03-15 15:45:40.372389,0.0,0.0
336,79b0dbcf-d9dc-4542-87da-ee11983a3875,2022-03-15 15:47:20.561651,0.0,0.0
337,d643a692-a4b7-41b7-becf-2c354b7e7cd6,2022-03-15 15:49:01.090880,0.0,0.0
338,6633e858-b07a-4331-9e63-90968c7f8976,2022-03-15 15:50:58.137916,0.0,0.0
339,5cfefc29-69b6-4c5f-b7cb-b2b215588277,2022-03-15 15:52:39.121167,0.0,0.0
340,c594788c-700e-4267-8fd0-519a7ca0e2b3,2022-03-15 15:54:19.772349,0.0,0.0
341,e2a439ae-ff8a-4585-a99b-800cf7673d65,2022-03-15 15:56:14.157444,0.0,0.0
342,42d002a0-08d6-4574-b1d6-58b3158096c0,2022-03-15 15:57:54.140714,0.0,0.0
343,d746d64c-abc0-4ad9-8f5e-bf7bfda6cd8f,2022-03-15 15:59:58.687786,0.0,0.0
344,ce715847-dc80-4b75-9588-68c489875578,2022-03-15 16:02:08.904817,0.0,0.0
345,448938f7-377f-475d-b0f5-a69ece93234c,2022-03-15 16:04:31.237691,0.0,0.0
346,ce567de3-19fb-4f26-89a2-11a9a1cc1dcb,2022-03-15 16:06:53.242737,0.0,0.0
347,d09ee3f8-e9da-4a68-a7cc-cd1b0d4ec0b1,2022-03-15 16:09:15.941396,0.0,0.0
348,1d2a6d96-233b-48bc-b234-aa036662039a,2022-03-15 16:11:38.730657,0.0,0.0
349,577e1742-2004-4c63-b310-27b1affbb4f3,2022-03-15 16:14:00.173730,0.0,0.0
350,c16b5e17-19d9-4c6b-95c6-7411f321a140,2022-03-15 16:17:35.782067,0.0,0.0
351,7ddf1644-4a2d-4a38-a8ab-13229cf69b62,2022-03-15 16:19:58.352767,0.0,0.0
352,e9c0fb17-70d2-444a-8729-1963e631a799,2022-03-15 16:22:20.395942,0.0,0.0
353,7693b569-bd28-443a-9b6c-354a02604a46,2022-03-15 16:24:43.067001,0.0,0.0
354,57fd736f-3be2-4ab7-9af7-c6c9c6b626cb,2022-03-15 16:27:05.636088,0.0,0.0
355,2daf217b-f87c-4de6-b291-01252dc555dd,2022-03-15 16:29:27.435097,0.0,0.0
356,ec162a92-e937-4f61-a6e8-704d68f4bbfa,2022-03-15 16:37:30.649710,0.0,0.0
357,e620d5a0-cf53-48a5-ae07-af9ff65d5d9c,2022-03-15 16:39:53.050722,0.0,0.0
358,94c58c36-846e-4341-a62b-53b36d543c7c,2022-03-15 16:42:15.461704,0.0,0.0
359,0528f25f-da0d-4686-961e-1b3b63b1f4ef,2022-03-15 16:44:37.484629,0.0,0.0
360,7bebe0be-1746-4443-a3b5-d0c4f260078f,2022-03-15 16:47:35.573348,0.0,0.0
361,64256b7f-e067-4d9b-a278-3b4d7cfa314e,2022-03-15 16:52:12.145296,0.0,0.0
362,215e698d-866a-401d-870e-60e446deccc3,2022-03-15 16:53:52.856578,0.0,0.0
363,65a8bf1a-7140-4b24-be7c-a36a7a2db5ba,2022-03-15 16:56:18.993370,0.0,0.0
364,29f0adb1-671e-4aba-9ef6-0b0ece756f42,2022-03-15 16:59:55.303980,0.0,0.0
365,04ce4665-2c50-43c0-92f3-5ab49c31f412,2022-03-16 12:34:35.873705,0.0,0.0
366,f1cd07e0-ee86-4897-9d36-71f7ca3c3f4a,2022-03-16 12:41:35.695986,0.0,0.0
367,58fd5d94-1082-44e8-9090-ff004153ef12,2022-03-16 12:43:34.037409,0.0,0.0
368,d20d76cf-e3d9-48ad-8a76-f8c2a0bf5ad8,2022-03-16 12:58:19.807317,0.0,0.0
369,5239d8aa-ae9f-4a2c-b298-ec9e4026d82f,2022-04-27 09:36:04.355295,0.0,0.0
370,eb006f7e-35b0-4bdf-8e24-e5965e03c454,2022-05-03 15:34:54.726742,0.0,0.0
371,c24732b2-a760-4315-b29d-b3ca44affb26,2022-05-04 08:04:57.372795,0.0,0.0
372,c8765708-10aa-45ba-bb2c-a3c171bbcaff,2022-05-12 19:12:19.421433,0.0,0.0
373,aa0d9200-5c90-4d3d-adb4-27045c6855c9,2022-06-02 09:05:56.619451,0.0,0.0
374,08537450-510f-4b99-b552-49d263e6f611,2022-06-02 09:10:56.828854,0.0,0.0
375,3f86f547-5489-45cc-b4f1-e3735b34c40e,2022-06-02 09:12:34.767733,0.0,0.0
376,fa720546-75dd-4af3-a680-023884a45edc,2022-06-02 09:15:04.755793,0.0,0.0
377,2fca757b-9977-4600-a519-fe15a061d5ea,2022-06-02 09:16:42.708717,0.0,0.0
