uuid,timestamp_start,env_iaq_index,env_iaq_accuracy,env_pressure,env_temperature,env_humidity,timestamp_prod_start,prod_obj_temp,prod_amb_temp,prod_plt_temp,timestamp_prod_end,timestamp_qual_start,qual_obj_temp,qual_amb_temp,qual_weight,qual_color,qual_height,timestamp_qual_end,timestamp_end
54f145d2-e871-4bb9-8f9f-ee72e2ced9cd,2022-01-27T09:15:54.499085,92,3,1006.69,20.89,28.28,,18.4,19.8,18.54,,,19,19,304,,,,
a3ec2e1f-fa73-4c7c-9b2b-76c11e607ded,2022-01-27T09:17:32.314592,92,3,1006.72,20.92,28.28,,19.1,19.9,33.32,,,20.1,20.1,304,,,,
3fad8ca6-c3f5-4646-8d13-4d12c23bce4b,2022-01-27T09:19:40.265449,89,3,1006.71,20.95,28.12,,20,20,66.63,,,20.2,20.2,417,,,,
c047f085-5295-487c-983b-822973db31d8,2022-01-27T09:21:17.686957,88,0,1006.71,20.96,28.13,,20.1,20.1,69.02,,,18.9,18.9,271,,,,
d635cbe2-f5dc-4bc2-af97-b7dfb4f52dbc,2022-01-27T09:22:55.582707,88,0,1006.69,21,28.08,,21.5,20.3,70.03,,,20,20,536,,,,
9353e595-3e50-4b7f-a837-3179e90bc280,2022-01-27T09:24:32.688262,87,0,1006.67,21.02,28.04,,19.7,20.1,70.47,,,18.3,18.3,304,,,,
2c00d197-8706-4f91-b693-d69ca3453282,2022-01-27T09:26:11.143925,87,3,1006.71,21.04,28.03,,21.6,20.7,71.62,,,24.3,24.3,245,,,,
127a427b-c41b-4d80-912c-a8071ec1d62e,2022-01-27T09:27:49.007542,85,3,1006.72,21.07,28.03,,22,20.9,72.74,,,19,19,245,,,,
5d92230e-1a76-45f9-a999-e21f7bc46cb4,2022-01-27T09:29:48.274557,82,3,1006.7,21.12,27.95,,20,20.2,71.93,,,25,25,561,,,,
a8a6bf06-2160-4aed-8bf4-51b2c3452a0b,2022-01-27T09:31:50.365690,80,3,1006.66,21.16,27.89,,23.9,21.5,71.28,,,20.4,20.4,536,,,,
1fd97a4f-52b5-44b1-99ca-bbd1265a38f6,2022-01-27T09:33:27.567275,78,3,1006.66,21.2,27.79,,23.9,21.7,73.19,,,20.7,20.7,561,,,,
0baf0a82-b664-49a6-b761-f6d92d635773,2022-01-27T09:35:05.712931,76,3,1006.67,21.25,27.68,,20.2,20.4,72.61,,,20.6,20.6,417,,,,
1757b9d1-20c2-43c3-8d29-1cbe1fdf413b,2022-01-27T09:36:43.234618,75,3,1006.64,21.29,27.62,,23.5,22.1,72.94,,,25.7,25.7,562,,,,
0eae743f-d431-4c83-b376-692607138147,2022-01-27T09:38:33.228034,75,3,1006.6,21.31,27.56,,22.6,22.2,73.03,,,25.4,25.4,329,,,,
ae09f33c-dd60-4295-901a-06d6515f9a09,2022-01-27T09:40:10.703645,75,3,1006.55,21.34,27.57,,20.2,22.5,73.21,,,25.5,25.5,270,,,,
18b87675-a09b-4ebb-b21b-87128e5d0fc0,2022-01-27T09:41:48.417452,75,3,1006.54,21.35,27.51,,20.3,20.4,73.07,,,25.5,25.5,418,,,,
8b8c606e-a5fb-4e4f-872d-0747b03a335f,2022-01-27T09:43:26.271125,75,3,1006.58,21.35,27.54,,20.2,20.5,72.4,,,19.3,25.7,304,,,,
db81600b-0ccf-46eb-a808-cf99aa061515,2022-01-27T09:45:04.332707,74,3,1006.58,21.38,27.47,,20.3,20.5,72.35,,,20.3,20.3,561,,,,
2b93a06a-e418-4876-aa32-1ba995d97ee1,2022-01-27T09:46:41.716386,73,3,1006.58,21.4,27.43,,23.9,23,73.99,,,20.2,20.2,443,,,,
dd2dcb65-a7f3-496d-908c-16615c46486e,2022-01-27T09:48:18.966118,72,3,1006.58,21.43,27.36,,24,23.1,73.99,,,25.9,25.9,561,,,,
892fc4ca-343d-47e8-b959-f9857ee1419c,2022-01-27T09:49:56.599704,72,3,1006.56,21.46,27.34,,24.1,23.2,73.99,,,20.1,20.1,561,,,,
fecffa35-bfde-416c-9a80-5572d98f8d64,2022-01-27T09:52:21.028246,69,3,1006.58,21.52,27.3,,23.2,23.4,73.06,,,26.4,26.4,330,,,,
6be3028e-4393-4095-a662-5d849a9798fb,2022-01-27T09:53:58.977914,69,3,1006.58,21.56,27.29,,23.1,23.5,73.34,,,19.4,19.4,331,,,,
71e6fdb9-cf48-4d7c-86ff-2a35fe47570b,2022-01-27T09:55:36.345530,66,3,1006.58,21.6,27.21,,24.6,20.7,73.17,,,21.4,21.4,442,,,,
b222d96e-cd2e-4e8a-8e06-41e04ce2df27,2022-01-27T09:57:13.655254,65,3,1006.62,21.68,27.08,,20.7,20.8,73.48,,,25.9,25.9,330,,,,
8c45a87c-5508-4585-85f4-201d5266d554,2022-01-27T09:58:51.360720,65,3,1006.66,21.69,27.04,,20.8,20.8,73.05,,,26.5,26.5,245,,,,
1fc9cdb0-5804-4f9a-a462-f708627fe584,2022-01-27T10:00:28.914331,65,3,1006.63,21.71,27.04,,24.2,23.8,73.5,,,25.9,25.9,442,,,,
ae43247e-7159-404f-af1d-6e16c3b77605,2022-01-27T10:02:06.695947,63,3,1006.65,21.77,26.99,,25,23.9,72.96,,,21.3,21.3,536,,,,
0de65557-2208-4796-b402-de70de0e0f30,2022-01-27T10:04:06.394998,63,3,1006.65,21.8,26.92,,23.4,24,96.38,,,19.6,19.6,304,,,,
b07c18e8-c3e2-48a2-8aac-769a2260bb6d,2022-01-27T10:05:43.788615,63,3,1006.66,21.8,26.91,,26,24.1,98.15,,,28.1,28.1,536,,,,
a497a745-69a8-4cf5-8756-6bac289cb08b,2022-01-27T10:07:21.442387,63,3,1006.66,21.83,26.85,,25.7,24.3,99.55,,,20.7,20.7,441,,,,
875d63cf-1926-42cb-bcc2-7605a41b5e27,2022-01-27T10:08:58.736067,63,3,1006.67,21.84,26.8,,21,21.1,97.64,,,22.8,22.8,418,,,,
10a5fc4e-4b1d-489b-b735-cf606b629d51,2022-01-27T10:10:36.695728,63,3,1006.67,21.87,26.75,,21.1,21,98.88,,,21.5,21.5,416,,,,
5da8e8e2-8a24-4452-ae1b-51b04deaf813,2022-01-27T10:12:13.791454,63,3,1006.67,21.89,26.75,,21.1,21.1,97.96,,,21,21,442,,,,
14d5510b-7ee0-4cb2-8c22-39ec168780f3,2022-01-27T10:13:50.729204,63,3,1006.66,21.91,26.71,,21,21.1,98.9,,,29.5,29.5,304,,,,
c12c6879-3bd1-4fc6-9ba0-3303d6e6a029,2022-01-27T10:15:28.444981,63,3,1006.66,21.95,26.67,,25.6,25,98.59,,,29.6,29.6,245,,,,
95fed411-0495-4dac-99a9-4620995fd101,2022-01-27T10:17:06.026661,62,3,1006.64,21.98,26.61,,26.9,25.1,98.78,,,21,21,536,,,,
5fa59a1b-4b74-4730-8be0-413e0b2ed066,2022-01-27T10:18:43.486335,61,3,1006.62,21.99,26.53,,21.2,21.2,98.82,,,29.9,29.9,443,,,,
6c518ada-d8c0-479b-9581-f38fb455122c,2022-01-27T10:20:21.227929,60,0,1006.61,21.98,26.58,,25.8,25.2,99.03,,,20.2,20.2,245,,,,
9de4e943-66b8-4d80-90f8-6b52520d45c3,2022-01-27T10:21:59.087334,60,0,1006.65,22.02,26.64,,27.3,25.4,98.72,,,21.5,21.5,443,,,,
d7aeea8c-a1e0-4059-abb8-b674370c579e,2022-01-27T10:23:37.535081,59,0,1006.66,22.05,26.52,,21.2,21.2,98.71,,,29.8,29.8,245,,,,
8cddde73-9066-4390-bbfe-8877c83d4715,2022-01-27T10:25:14.582678,58,3,1006.7,22.08,26.46,,21.3,21.3,98.79,,,19.9,29.3,329,,,,
e0d47802-02e2-4158-a491-58ea31c9c554,2022-01-27T10:26:52.882255,59,3,1006.68,22.1,26.47,,21.3,21.3,98.73,,,21.4,21.4,442,,,,
de1dd96e-bc24-47c5-abd7-f1eb8851e8ca,2022-01-27T10:28:30.221774,58,3,1006.64,22.14,26.46,,21.3,21.3,98.72,,,21.2,21.2,536,,,,
bc66f466-1123-475b-9981-41ee31c1deea,2022-01-27T10:30:07.779391,55,3,1006.67,22.17,26.36,,27.9,25.8,98.6,,,29.6,29.6,561,,,,
4d06decd-d964-4234-9cd6-c75803f918d3,2022-01-27T10:31:46.632955,55,3,1006.64,22.19,26.35,,27.3,25.8,98.27,,,21.3,21.3,417,,,,
dd3ecd76-e98e-49df-a309-f381f6ea2b76,2022-01-27T10:33:24.186840,54,3,1006.61,22.22,26.22,,21.3,21.4,98.79,,,29.8,29.8,270,,,,
9655053e-62bc-43d9-8925-5d7671f9de21,2022-01-27T10:35:13.907833,55,3,1006.59,22.23,26.22,,21.4,21.4,99.14,,,27.3,27.3,0,,,,
4954525e-aee3-4b14-9505-fd2539087755,2022-01-27T10:36:47.073569,55,3,1006.65,22.25,26.3,,21.3,21.4,100.52,,,20.7,20.7,562,,,,
7521bc94-a3b0-4065-a2c6-36c19081ea55,2022-01-27T10:38:14.313299,55,3,1006.68,22.26,26.45,,21.1,21.4,98.1,,,21.2,21.2,416,,,,
638e811e-c911-41e9-9978-7875834e681f,2022-01-27T10:39:47.478886,54,3,1006.67,22.26,26.44,,27.2,25.8,98.14,,,28.7,28.7,537,,,,
3afbd049-f7c0-4b58-9f9d-4f3528a7067a,2022-01-27T10:41:20.644573,54,3,1006.67,22.23,26.51,,21.1,21.3,98.08,,,28.7,28.7,536,,,,
a4052d3e-0e07-4609-b731-3c13b6e2cfef,2022-01-27T10:42:53.804946,57,3,1006.65,22.19,26.51,,21,21.3,98.4,,,29.2,29.2,331,,,,
362938db-2585-4aba-94a7-9c2d2872db4f,2022-01-27T10:44:32.493816,64,3,1006.62,22.15,26.58,,21.2,21.2,98.39,,,20.2,20.2,330,,,,
743ad326-1011-4c3d-914f-bdf73b85d7bf,2022-01-27T10:46:10.013277,60,3,1006.68,22.12,26.63,,21.3,21.2,98.79,,,20.3,20.3,305,,,,
29a2b5d7-a20f-4dce-9dc1-fd14110762ed,2022-01-27T10:47:47.868930,62,3,1006.66,22.07,26.66,,26.9,25.6,98.36,,,29.5,29.5,442,,,,
c88486ea-bc48-4a47-97e0-24de43f32315,2022-01-27T10:49:25.952496,65,3,1006.68,22.04,26.71,,25.1,25.4,98.53,,,29.1,29.1,245,,,,
724e7be0-d212-4ab4-af60-f8147c5c03dc,2022-01-27T10:51:03.048241,62,3,1006.67,21.98,26.84,,25,25.4,98.64,,,29,29,330,,,,
0bf5adf0-faf0-4f71-be73-f2c372844a4e,2022-01-27T10:52:40.477764,60,3,1006.7,21.88,26.96,,21.2,21,98.59,,,29.3,29.3,271,,,,
9a74a6b8-38c7-49d7-b40b-9a2f0692c7bc,2022-01-27T10:54:18.447662,59,3,1006.71,21.86,26.99,,21.4,21,98.85,,,29.6,29.6,536,,,,
aa6c0ecf-7fbc-46a1-961a-7bb8b71c8205,2022-01-27T10:55:57.822940,64,3,1006.71,21.79,27.08,,25.4,24.9,100,,,20.4,20.4,270,,,,
a20ec038-7932-41bb-bcfa-d2ccfa30e553,2022-01-27T10:57:36.020680,64,3,1006.74,21.84,27.04,,21.4,21.1,98.82,,,20.2,20.2,330,,,,
9beabeaf-c33e-4ee5-a715-043053fbe856,2022-01-27T10:59:13.714400,70,3,1006.71,21.88,26.9,,21.4,21.2,98.89,,,20.2,20.2,304,,,,
024fe6dc-29cb-4da9-accc-d31ce0d38117,2022-01-27T11:00:50.827918,70,3,1006.72,21.94,26.84,,25.5,25.4,98.88,,,20.4,20.4,245,,,,
fb406211-adf6-4be2-aa47-37711cbd990d,2022-01-27T11:02:28.335441,79,3,1006.73,22,26.7,,21.6,21.3,98.93,,,20.4,20.4,304,,,,
0b213d4c-1e06-4e95-8ab1-ffc336d51b0c,2022-01-27T11:04:05.427058,87,3,1006.73,22.03,26.62,,27.6,25.6,96.71,,,22.9,30,417,,,,
d78af782-aef7-41f2-a397-85b78022faae,2022-01-27T11:05:42.751284,96,3,1006.72,22.09,26.51,,25.9,25.7,101.03,,,29.4,29.4,270,,,,
8862d8cd-410d-4640-8cc6-6d3b4013216a,2022-01-27T11:07:20.896393,110,3,1006.71,22.12,26.46,,21.7,21.4,98.91,,,29.8,29.8,271,,,,
6aa246cf-623c-44dd-a66c-3189998fe868,2022-01-27T11:08:58.892031,102,3,1006.73,22.16,26.33,,21.4,21.4,99.05,,,29.7,29.7,245,,,,
0eaa997c-8216-4d02-b21b-9678cfb95079,2022-01-27T11:10:36.721699,96,3,1006.74,22.17,26.3,,21.7,21.4,99.21,,,20.8,20.8,417,,,,
9f134d11-e0bc-474c-b4c7-c7f6b724d459,2022-01-27T11:12:14.553258,89,3,1006.78,22.2,26.23,,25.6,25.9,99.12,,,29.4,20.4,296,,,,
d3720596-f58a-4a6d-9a73-acd568e3bcfd,2022-01-27T11:13:52.058874,85,3,1006.76,22.23,26.22,,25.8,25.9,99.12,,,28.9,28.9,294,,,,
24d1b843-aeef-449c-8917-cea862ce8bfa,2022-01-27T14:20:48.528575,75,3,1004.75,22.03,26.93,,20.2,21.3,20.75,,,20.7,20.7,587,,,,
282d3e87-ee2d-4b1f-bf03-2efbb36ad53f,2022-01-27T14:23:50.300009,71,3,1004.74,22.08,26.99,,22.1,21.2,20.71,,,20.6,20.6,588,,,,
4a8cfc6b-9315-405b-820f-e82a427ed563,2022-01-27T14:28:08.577707,76,3,1004.68,22.14,26.8,,20.7,21.3,20.75,,,20.7,20.7,587,,,,
1f7d2da2-135a-4352-a2ce-2f18a6564a0c,2022-01-27T14:30:35.134046,91,3,1004.63,22.14,26.66,,20.4,21.5,20.68,,,20.9,20.9,26,,,,
059d30e5-aa67-418c-9726-cb81b94d68c4,2022-01-27T14:34:32.412032,87,3,1004.64,22.14,26.74,,20.4,21.3,20.67,,,20.9,20.9,331,,,,
f5ff4284-22b2-47ac-82c3-c1b0c7074b57,2022-01-27T14:36:38.650892,84,0,1004.63,22.17,26.58,,20.8,21.3,20.64,,,20.5,20.5,26,,,,
58e57f13-f040-4e71-8de2-9afc026881be,2022-01-27T14:38:47.529726,81,0,1004.64,22.19,26.53,,20.7,21.3,20.72,,,20.8,20.8,271,,,,
fb392a77-9a63-4819-8d50-5ae0a72244f3,2022-01-27T14:40:26.777244,81,0,1004.6,22.23,26.65,,20.5,21.4,20.66,,,20.9,20.9,271,,,,
cc171ea1-755f-452b-97bc-6bceae82ce17,2022-01-27T14:43:47.033174,77,3,1004.63,22.27,26.48,,20.9,21.4,20.7,,,20.9,20.9,588,,,,
13bb5261-00e5-4bfd-9366-aba16c8c2250,2022-01-27T14:45:22.190702,75,3,1004.61,22.28,26.5,,20.9,21.4,20.64,,,20.8,20.8,562,,,,
797d8f26-92aa-4d56-a82b-88ceb90108e4,2022-01-27T15:48:30.704948,58,3,1004.97,22.03,27.52,,20.1,21.1,20.56,,,20.5,20.5,587,,,,
8e8295e0-9e9b-40c0-b6f2-d132840f4fa4,2022-01-27T15:50:21.656171,52,3,1004.92,22.04,27.32,,21.1,21.1,23.51,,,20.4,20.4,355,,,,
3e230896-3687-4420-918f-f23360a9ae58,2022-01-27T15:52:14.419370,55,3,1004.89,22.03,27.57,,20.2,21.1,23.64,,,20.5,20.5,587,,,,
35d8da6d-3547-4e51-a4fc-6476f9622ca6,2022-01-27T15:53:53.862831,55,3,1004.86,22.03,27.42,,20.3,21.1,23.32,,,21.5,21.5,26,,,,
bdd017c1-b452-453b-b924-ac9509a39f3a,2022-01-31T09:38:59.604130,214,3,990.38,20.81,33.03,,20.2,19.8,1.73,,,19.2,19.2,442,,,,
b2ee8ce1-7558-4e74-857b-1bf9d518329c,2022-01-31T09:40:39.546149,216,3,990.31,20.85,33.24,,21.1,20,69.14,,,19,19,561,,,,
180a79df-046f-46b5-a561-609bceb3bed7,2022-01-31T09:47:37.805354,208,3,990.15,20.98,32.87,,23.1,20.8,70.05,,,24.7,24.7,536,,,,
d5f72431-1548-4c12-99b3-b039a2d3b325,2022-01-31T09:50:14.539819,210,3,990.11,21.04,32.83,,23,21.2,69.74,,,23.4,23.4,0,,,,
94557b60-9a94-4095-899e-21d40a407efb,2022-01-31T09:55:05.485398,207,3,990.09,21.15,32.65,,20,20.4,70.82,,,24.6,24.6,271,,,,
9df9a681-9d14-44b3-a343-72f563f794ce,2022-01-31T09:57:12.612462,211,3,990.09,21.18,32.62,,21.1,20.4,70.87,,,25.3,25.3,562,,,,
b15a0a9b-6ecd-41e4-83d4-fd35054584f2,2022-01-31T09:58:53.626031,211,3,990.01,21.22,32.56,,21.2,20.4,105.81,,,26.4,18.6,304,,,,
916ad6f6-4baa-4ada-9bed-6a9c2803a00e,2022-01-31T10:02:12.227211,213,3,990,21.29,32.47,,24.3,22.6,108.59,,,28.1,28.1,245,,,,
22c49e3d-e393-45f6-bc7b-8f36ef8b74dd,2022-01-31T10:03:54.026738,211,3,989.94,21.33,32.37,,20.7,20.6,108.71,,,28.9,28.9,304,,,,
f71e9a93-ac0d-434f-a441-a9e596ea003b,2022-01-31T10:08:23.846261,211,3,989.87,21.42,32.29,,20.7,20.7,107.85,,,22.1,22.1,536,,,,
fb47918b-2aa8-45ab-9aba-6272919166b4,2022-01-31T10:10:05.607869,211,3,989.85,21.44,32.29,,27.5,24.1,109.35,,,29.9,29.9,561,,,,
06ae6402-73ec-4154-8565-64236e937506,2022-01-31T10:17:35.165450,211,3,989.99,21.51,32.22,,20.6,20.8,107.78,,,31.4,31.4,442,,,,
a699ff6b-f8d1-4ef1-b5ae-74d34f85b4ff,2022-01-31T10:19:17.639035,211,3,990,21.54,32.16,,26.1,25.4,108.78,,,19.5,19.5,270,,,,
f191ecbb-cb4c-4c83-ab8b-53ee264f21c8,2022-01-31T10:58:05.139516,184,3,989.98,21.77,31.74,,26.6,26.5,106.89,,,20.6,20.6,548,,,,
fe4d6a9e-c0ed-471b-9e9f-8483cca080ee,2022-01-31T10:59:47.843107,184,3,989.92,21.8,31.59,,20.7,20.9,96.59,,,19.9,19.9,306,,,,
b6259f7c-f4ce-4be2-b202-2972289e5720,2022-01-31T11:01:29.150836,186,3,989.92,21.83,31.55,,25.9,26.4,88.13,,,20.3,20.3,272,,,,
25a6766f-c6e2-4b4d-a08c-126ba6737d09,2022-01-31T11:03:11.942501,188,3,989.89,21.88,31.47,,21.2,21,80.85,,,21.8,21.8,417,,,,
fa83e068-9ece-45a5-ae5f-796bb7dc7fed,2022-01-31T11:04:54.026147,191,3,989.85,21.9,31.48,,21,21.1,69.63,,,27.9,27.9,418,,,,
ad2e0464-2f29-4839-b135-f4d69444929c,2022-02-02T08:07:59.638398,139,3,995.99,21.41,35.53,,18.6,20.1,18.15,,,19.1,19.1,425,,,,
1869b4eb-eaca-4e1b-87b5-620f5e7c65ad,2022-02-02T08:09:40.864072,136,3,996.09,21.44,35.45,,19.4,20.6,18.15,,,24.4,24.4,94,,,,
3a232702-c678-47d8-ade7-88fbe993f1c0,2022-02-02T08:11:44.319177,137,3,996.14,21.5,35.61,,19.1,20.3,18.15,,,18.8,18.8,425,,,,
69409260-ce10-4289-b447-9a52fe4ba0ad,2022-02-02T08:13:25.940734,137,3,996.16,21.55,35.45,,19.3,20.3,18.15,,,19.3,19.3,94,,,,
b6775e64-f422-42fa-887d-814cf3d66275,2022-02-02T08:15:07.950381,139,3,996.07,21.53,35.67,,20.6,20.4,18.15,,,19.7,19.7,537,,,,
d69d65b5-5f8c-45ed-b5d2-459018aede5e,2022-02-02T08:16:49.305975,140,3,996.05,21.53,35.56,,19.9,20.5,18.15,,,19.9,19.9,631,,,,
716197de-7de1-48ea-92d8-b6ff9ec0e2cd,2022-02-02T08:18:32.171553,139,3,996.13,21.53,35.42,,20.9,20.6,18.15,,,23.1,23.1,536,,,,
3369e1f4-5665-463f-ab53-5d997c438de2,2022-02-02T08:20:25.312846,139,3,996.12,21.6,35.4,,19.7,20.7,18.15,,,20.1,20.1,399,,,,
9564cdfb-7793-4f96-9ea8-a7bcddc8e649,2022-02-02T08:22:07.704348,138,3,996.13,21.68,35.33,,19.6,20.8,18.15,,,21.8,21.8,423,,,,
88999dce-15bb-4a59-a661-32f21a4a2ceb,2022-02-02T08:23:49.759927,140,3,996.14,21.66,35.17,,20.2,21,18.15,,,23.4,23.4,364,,,,
09c4f064-71db-4ec9-b298-00a98cb40de0,2022-02-02T08:25:31.695447,136,3,996.13,21.66,35.13,,22.9,20.9,18.15,,,21.2,21.2,94,,,,
66e77793-baca-4010-9926-371cbf47cc7b,2022-02-02T08:45:22.418363,106,3,996.5,21.88,34.75,,,,,,,,,,,,,
a47ad5ec-e2ee-4124-9bfd-7f49cb895d55,2022-02-02T09:01:00.535412,116,3,996.55,22.17,34.4,,23.2,21.6,31.42,,,,,,,,,
1df60463-0345-467e-b941-bffb646bda96,2022-02-02T09:05:31.838638,115,3,996.64,22.23,34.33,,21.8,22.1,25.06,,,21.6,21.6,418,,,,
6b148b3f-707b-49bd-bda4-006812d6857e,2022-02-02T09:13:24.231217,122,3,996.65,22.39,34.14,,20.6,22,24.96,,,21.3,21.3,331,,,,
c4a6455c-2f93-4a09-b77d-564813052a34,2022-02-07T10:55:52.524534,234,3,1001.81,22.27,30.49,,,,,,,,,,,,,
f85df2e2-b12d-49c4-9ff5-ea67cb04c87b,2022-02-07T11:28:03.252494,169,3,1002.65,22.01,30.7,,19.9,21.1,20.44,,,20.2,20.2,306,,,,
c8cce0c9-e01e-4962-b30c-90b0a4e3683d,2022-02-07T11:30:50.634618,158,3,1002.78,22.02,30.52,,,,,,,,,,,,,
6761ad52-d426-4f65-b3bd-b71106aca9ea,2022-02-07T11:33:14.951242,152,3,1002.91,22.06,30.48,,,,,,,,,,,,,
34530a9f-28f7-4997-bf06-178996a8cbd8,2022-02-07T11:35:21.718245,145,3,1003.03,22.1,30.38,,,,,,,,,,,,,
c304de50-4cce-44d2-b168-03d779fd22c0,2022-02-07T11:36:19.480921,143,3,1003.01,22.11,30.4,,,,,,,,,,,,,
9f83920b-9538-47e9-90ec-9203ac7f516b,2022-02-07T11:43:18.400843,15,2,1003.07,21.83,27.32,,,,,,,,,,,,,
c9c28717-bff0-4b60-8420-418f7dbf68eb,2022-02-07T11:46:54.369441,55,2,1003.12,21.24,29.49,,19.9,20.4,20.07,,,,,,,,,
4243ea90-5969-4dad-a45a-4fc9c981a544,2022-02-07T11:49:38.091691,104,3,1003.19,21.27,30.69,,20.1,20.4,20.14,,,19.8,19.8,539,,,,
26b642c1-ea67-45c5-b153-28d814ba123c,2022-02-14T09:53:22.780467,417,2,982.63,22.68,31.98,,24.4,22.2,73.9,,,21.6,21.6,562,,,,
40464519-c9f0-4047-8ba6-1b8f6b016a72,2022-02-14T09:55:21.561999,319,2,982.63,22.77,31.49,,20.8,22.2,73.81,,,19.8,19.8,245,,,,
6cbc85a4-6b7e-464d-b336-d11fada43763,2022-02-14T10:01:11.590746,194,3,982.59,22.87,31.38,,24.2,23.4,75.23,,,19.8,19.8,270,,,,
87e63f6a-6daa-4952-920c-271acdd0418e,2022-02-14T10:03:16.336178,171,3,982.59,22.82,31.51,,25.2,23.3,75.49,,,21.4,21.4,536,,,,
9470068a-e97e-4346-9d85-fcfe6e713c98,2022-02-14T10:04:57.899466,155,3,982.57,22.73,31.62,,21.1,22,74.56,,,26.4,26.4,270,,,,
a1595482-db09-4f09-9dd7-15edb905e076,2022-02-14T10:06:39.460490,145,3,982.58,22.74,31.79,,21.2,22.1,75.65,,,21.8,21.8,443,,,,
2ebf0c85-4d25-44b2-b710-c8987ff2fc41,2022-02-14T10:08:20.761357,138,3,982.54,22.76,31.81,,21.3,22.1,75.16,,,26.7,26.7,304,,,,
471dcbf4-77f2-4ccd-ac0e-04de05279ef5,2022-02-23T09:03:29.782232,300,0,1005.28,18.99,38.29,,21.2,19.3,71.48,,,22.4,22.4,512,,,,
aad7760f-c1b6-4d11-b0ca-cc1696ebcd57,2022-02-23T09:07:04.252826,250,2,1005.3,19.04,38.15,,17.5,17.8,72.46,,,16.8,16.8,270,,,,
4a40faf8-15c9-4aec-a34d-e61ccc6c2b41,2022-02-23T09:10:54.515079,244,3,1005.34,19.08,38.07,,21.4,20,72.92,,,23.5,23.5,304,,,,
df2a745b-0d7a-41aa-aaa2-3cddde245bbb,2022-02-23T09:12:44.482337,243,3,1005.34,19.11,38.01,,21.2,20.2,73.26,,,17.1,17.1,305,,,,
d3672b03-6f57-4270-9c11-e8401aec769a,2022-02-23T09:14:48.559614,243,3,1005.36,19.13,37.98,,18.1,18,73.33,,,23.7,23.7,442,,,,
c8baa5c6-34f1-4cc3-86a3-ba05f3d9e2be,2022-02-23T13:37:56.072618,47,3,1003.68,22.07,32.44,,24.5,24.7,74.45,,,20,20,331,,,,
b7966642-4079-49e1-b024-3f5806d1ac52,2022-02-24T07:42:34.393884,167,3,993.02,20,34.47,,18.4,18.8,52.19,,,,,,,,,
ac7fe2da-e721-419c-8e7d-4723e18f7832,2022-02-24T07:43:44.623404,161,3,993,19.99,34.44,,18.4,18.8,53.45,,,19.7,19.7,563,,,,
d726d7a9-8541-4e21-8540-dc789beb8a44,2022-02-24T07:46:50.316147,156,3,992.99,19.99,34.38,,18.4,19.5,54.6,,,,,,,,,
31e221d1-43eb-4bdb-a241-f640053caeac,2022-02-24T07:48:14.361576,158,3,992.97,20,34.39,,,,,,,,,,,,,
4300fbbf-e7fc-47f2-a214-f3e1dce3ef6a,2022-02-24T07:53:29.335395,163,3,992.91,20.04,34.39,,,,,,,,,,,,,
f4850b0b-7188-4bbf-bdf0-42f532267e46,2022-02-24T07:57:03.691916,176,3,992.94,20.09,34.49,,22.1,20.1,57.42,,,,,,,,,
a9887f00-b9c2-4eab-b3ad-4572ba30d2c8,2022-02-24T08:04:13.985891,194,3,992.85,20.2,34.56,,21.2,20.7,57.6,,,22.7,22.7,271,,,,
4b2c09c8-9e88-4119-b827-8e9554f04324,2022-02-24T08:05:55.195336,197,3,992.85,20.24,34.56,,22.1,20.8,57.27,,,22.7,22.7,563,,,,
753ada26-3133-4780-9219-3dd625aff71f,2022-02-24T13:12:39.749593,195,3,990.76,22.57,34.05,,21.2,21.3,57.97,,,20.8,20.8,331,,,,
ede0b412-2a44-47f6-85a3-2f5526ff8b1a,2022-02-24T13:14:20.542924,197,3,990.79,22.6,34.12,,23.7,24.2,58.25,,,24.8,24.8,246,,,,
0e26513d-426b-4db5-8ba3-3c6cf1d0e247,2022-02-24T13:18:02.297338,196,3,990.75,22.59,34.11,,21.5,21.4,57.9,,,25.1,25.1,536,,,,
b91b5fda-8b76-416a-9465-2d2759d932ff,2022-02-24T13:19:42.964809,193,3,990.67,22.6,34.09,,21.5,21.4,60.09,,,21.2,21.2,561,,,,
ee0bf39b-7633-47ef-9c00-1a90c418e5d4,2022-02-24T13:22:44.349342,190,3,990.72,22.6,34.14,,20.9,21.4,58.39,,,24.6,24.6,245,,,,
222c098f-4108-4bda-a4cb-ae7ecd3c4a23,2022-02-24T13:25:13.548232,187,3,990.65,22.59,34.15,,24.1,23.5,58.75,,,24.6,24.6,442,,,,
3e353c6b-5d64-494e-b74f-ed7e1d963150,2022-02-24T13:26:54.505391,188,3,990.63,22.61,34.15,,24.5,23.4,58.75,,,24.9,24.9,536,,,,
29124729-53f5-41f9-974f-d77fa36c14bd,2022-02-24T13:28:35.872460,189,3,990.64,22.61,34.16,,24.5,23.4,60.52,,,24.7,24.7,537,,,,
e41ca39e-f9a3-4c15-b7da-738b25a25f8b,2022-02-24T13:30:17.783725,192,3,990.69,22.62,34.21,,24.3,23.3,60.52,,,24.6,24.6,536,,,,
1904f5fc-292a-4690-b4c4-c6dce35b6e7e,2022-02-24T13:32:23.590782,181,3,990.63,22.63,34.19,,24.4,23.2,60.52,,,24.8,24.8,443,,,,
275b6bb0-bd9d-4265-a07c-96d43d5ed125,2022-02-24T13:34:04.499972,174,3,990.57,22.66,34.17,,21,23.2,60.52,,,20.7,20.7,271,,,,
51add3fa-bb63-4bfd-a906-b6077c4617f1,2022-02-24T13:35:46.499238,177,3,990.56,22.67,34.23,,21.1,21.4,60.52,,,21.3,21.3,562,,,,
0d853800-c19b-454c-af7e-b210cc3860d8,2022-03-01T14:07:50.950690,127,3,1003.72,23.26,20.92,,22,22.2,21.48,,,,,,,,,
1a9a9378-8e16-4963-9408-272c34b6ba91,2022-03-01T14:16:42.422340,147,3,1003.66,23.34,21.12,,21.9,22.3,21.51,,,21.6,21.6,446,,,,
32692512-bc00-4b41-9f94-beb705b120ec,2022-03-01T14:24:19.477393,151,3,1003.57,23.31,21.38,,21.7,22.2,21.54,,,22.1,22.1,249,,,,
2e72f83c-a3a3-4b46-831c-5bfdd3e53217,2022-03-01T14:41:22.985173,150,3,1003.47,23.26,21.45,,21.8,22.1,21.67,,,22,22,249,,,,
e2f12a40-2e6d-49ea-a13f-c640f8b76fb7,2022-03-01T15:01:41.974629,140,3,1003.37,23.27,21.01,,,,,,,,,,,,,
8285cd17-04a4-4579-b510-9b68473e4cca,2022-03-01T15:08:59.558749,122,3,1003.37,23.29,20.71,,,,,,,,,,,,,
de07d8d7-13ca-4b1e-8eee-2346e6c2a872,2022-03-01T15:30:12.293648,145,3,1003.43,23.41,21.32,,,,,,,,,,,,,
ad150dc3-e6d0-4640-a777-fa3a3ecddad2,2022-03-01T15:33:25.803969,142,3,1003.4,23.36,21.11,,,,,,,,,,,,,
f44b388b-c661-48c7-9adb-8c9a7a24a08f,2022-03-01T15:45:35.614979,147,3,1003.31,23.33,21.18,,,,,,,,,,,,,
ddb892c2-68f3-44a2-8b30-4d965d4670e5,2022-03-01T16:00:05.076844,164,3,1003.07,23.33,21.54,,,,,,,,,,,,,
59f70327-a396-4c0d-b53b-002c7fe86733,2022-03-01T16:06:34.123389,167,3,1003.01,23.33,21.61,,,,,,,,,,,,,
17682420-3d93-4ca4-a455-c266218009b2,2022-03-01T16:09:56.575824,172,3,1003.02,23.36,21.61,,21.8,22.3,21.71,,,,,,,,,
c0def778-b974-4e47-93ce-0356774f3846,2022-03-01T16:36:19.607555,165,3,1002.8,23.18,21.61,,21.7,22,21.71,,,,,,,,,
08eb3567-a8a1-41e2-98a1-5fd0e5b6e52e,2022-03-01T16:43:16.653972,164,3,1002.87,23.15,21.59,,21.7,22,21.67,,,,,,,,,
7c7a4c2d-30b8-40b4-bc21-86c7b267f605,2022-03-01T17:01:21.898898,166,3,1002.73,23.15,21.61,,21.5,21.9,21.54,,,21.6,21.6,334,,,,
3b139801-b784-4acc-8c92-a97718adf992,2022-03-01T17:03:56.875774,162,3,1002.74,23.16,21.7,,21.6,21.9,21.54,,,21.6,21.6,249,,,,
3f85d596-a7aa-4a00-8ffe-bb916c32314c,2022-03-01T17:13:58.190657,142,3,1002.69,23.35,21.13,,21.9,22,21.57,,,21.7,21.7,539,,,,
0e388c26-43eb-4e3b-9b88-caf6abbe6a94,2022-03-01T17:18:56.830079,148,3,1002.66,23.45,21.13,,21.8,22.1,21.58,,,21.8,21.8,275,,,,
8277f182-51b7-4f56-b5c5-5de0d315ed87,2022-03-01T17:21:32.734686,148,3,1002.67,23.51,21.05,,22,22.3,21.58,,,22.4,22.4,565,,,,
aefce24e-c776-47ee-8dd6-2cc1c3236661,2022-03-01T17:58:09.569725,164,3,1002.69,23.2,21.18,,21.6,22,21.58,,,,,,,,,
0ab48351-f49c-4224-984c-ac9598c2199b,2022-03-03T12:47:36.671445,161,3,994.09,22.93,22.38,,21.2,21.7,21.58,,,21.2,21.2,334,,,,
f15eee04-97c8-4c48-a6c0-2952d4740865,2022-03-03T12:58:38.427007,138,3,993.9,23,22.29,,,,,,,,,,,,,
b2f3e354-3274-4385-8a96-31e32d3143f3,2022-03-03T13:03:49.222463,122,3,993.79,23.03,22.34,,,,,,,,,,,,,
98dc88ac-5c49-43af-8a5b-75289ffb23ae,2022-03-03T13:13:31.512253,110,3,993.71,23.01,22.33,,21.5,21.8,21.58,,,,,,,,,
e37cc8f0-9330-4e41-adf0-dfeff8534d9a,2022-03-03T15:34:57.201181,60,3,992.33,23.49,21.69,,22.2,22.2,21.58,,,22,22,565,,,,
96b160d6-397a-47d5-ba2d-3990fc31f156,2022-03-04T15:36:37.399330,150,3,995.02,23.19,20.61,,,,,,,,,,,,,
db93cc9b-d114-4cfa-b463-2c45256b79f0,2022-03-04T15:38:13.963742,150,3,995,23.2,20.54,,,,,,,,,,,,,
113d001e-1200-44f6-9919-c1c22c7e2692,2022-03-04T15:40:10.616628,134,3,994.98,23.19,19.99,,,,,,,,,,,,,
e1144009-8275-4922-a38c-ce98150cde90,2022-03-04T15:42:13.622009,135,3,995,23.2,20.14,,21.2,21.9,21.58,,,21.5,21.5,447,,,,
3f2afa75-27c6-4b33-8ad4-438076b48e81,2022-03-04T15:43:58.350575,138,3,994.99,23.2,20.21,,21.7,22,21.58,,,,,,,,,
126d6fec-aeac-4f0b-9c9b-f278c88f3177,2022-03-08T14:38:04.819430,214,3,996.31,22.78,18.67,,21.2,21.6,55.01,,,26.2,26.2,541,,,,
12cf8112-45e7-4c08-a14f-a38fdf38dba9,2022-03-14T11:18:50.949144,221,1,1005.06,22.63,32.36,,20.3,21.5,21.35,,,20.5,20.5,246,,,,
98f9be76-045e-4e1c-b47a-8f82f0c9cb1c,2022-03-14T11:20:55.168388,226,1,1005.07,22.65,32.4,,20.6,21.6,21.35,,,20.5,20.5,271,,,,
15abf071-456a-4645-b204-9e0ba958ab70,2022-03-15T08:16:51.387514,204,3,1002.59,21.27,30.95,,22.7,20.8,21.35,,,,,,,,,
108b1677-53ee-44f9-b1bf-93ec4bd8aee7,2022-03-15T08:24:10.053080,209,3,1002.58,21.45,30.81,,21.6,21.6,21.35,,,19.6,19.6,246,,,,
6fd19286-26da-4302-9014-7190d79ac632,2022-03-15T08:30:50.963282,205,3,1002.58,21.57,30.68,,26.1,22.1,21.35,,,,,,,,,
66b469d2-1e7f-46f4-a212-8e54d6d35c6a,2022-03-15T08:44:20.188760,225,3,1002.37,21.75,30.69,,24.2,22.9,21.35,,,22.3,22.3,562,,,,
c2d88893-c25d-4f65-97a0-0a6cb4f19355,2022-03-15T08:47:20.385262,214,3,1002.37,21.79,30.56,,20.6,20.9,21.35,,,24.5,24.5,305,,,,
c50fa2ee-1b34-4bf9-8a0a-8877db94647c,2022-03-15T08:50:18.787723,213,3,1002.32,21.82,30.57,,23.6,23,21.35,,,24.2,24.2,442,,,,
77a52cc1-9ca8-4c03-a56e-6302f5f060e2,2022-03-15T08:55:08.298048,210,3,1002.22,21.89,30.6,,23.5,23,64.87,,,,,,,,,
82d1b96a-e168-41e0-8d8d-02b48bf0e8e8,2022-03-15T08:56:50.480385,212,3,1002.23,21.91,30.64,,,,,,,,,,,,,
6616fab3-23cb-4892-8e85-9b4337f5c8e3,2022-03-15T08:59:01.045320,211,3,1002.16,21.94,30.56,,,,,,,,,,,,,
5a3d6cb9-cae7-4beb-8908-152038841ccb,2022-03-15T09:01:07.453142,214,3,1002.15,22,30.57,,,,,,,,,,,,,
6a06f308-f254-488c-840c-a293ead06986,2022-03-15T09:02:13.121968,219,3,1002.1,22.01,30.53,,,,,,,,,,,,,
e97256f5-4c93-427b-b2db-0d5ba9d6f146,2022-03-15T09:06:38.401845,221,3,1001.94,22.1,30.49,,,,,,,,,,,,,
6376a8da-693c-4b3f-a1d0-9f751ade8dcf,2022-03-15T09:12:01.513189,219,3,1001.92,22.19,30.41,,20.9,21.4,64.95,,,20.9,20.9,305,,,,
276a765b-ff2a-4f58-b5af-853345c378d2,2022-03-15T09:14:41.385928,214,3,1002.06,22.19,30.45,,21.2,21.5,63.46,,,24.8,24.8,562,,,,
87e669a6-2c63-4277-b1a5-6be705a39b3d,2022-03-15T09:16:21.109001,213,3,1002.04,22.19,30.44,,21.5,21.5,64.03,,,25.1,21.7,418,,,,
5b238f4f-abc6-4e50-9628-2275ee20526d,2022-03-15T09:18:33.723899,214,3,1001.88,22.2,30.47,,23.5,23.8,63.42,,,25.1,25.1,331,,,,
f65cbcf9-939e-4f30-9eac-90342399bceb,2022-03-15T09:20:13.853082,215,3,1001.84,22.22,30.5,,23.6,21.6,63.6,,,25.1,25.1,305,,,,
0aa3eec3-1145-4da4-b500-839f5aae82d9,2022-03-15T09:21:54.334267,215,3,1001.79,22.21,30.53,,24.6,23.7,63.58,,,25.1,25.1,443,,,,
d4423836-c999-4341-8533-4020bfcaf7d9,2022-03-15T09:24:20.078987,217,3,1001.8,22.24,30.57,,23.9,23.7,63.48,,,20.9,20.9,304,,,,
99ff0950-aef4-4e0a-bfaa-f39849d80c55,2022-03-15T09:26:00.522107,217,3,1001.81,22.25,30.52,,21.5,21.7,63.89,,,25.6,25.6,442,,,,
66926b14-771d-494a-970e-8623f9fe7b02,2022-03-15T09:28:08.910909,218,0,1001.8,22.26,30.6,,21.3,21.7,64.04,,,25.5,25.5,306,,,,
0672798b-5335-470c-9105-8f9fe1c155b9,2022-03-15T09:29:49.407965,223,0,1001.76,22.28,30.73,,,,,,,,,,,,,
833724d3-e55d-45db-979d-8106ef729099,2022-03-15T09:30:53.309381,223,0,1001.74,22.29,30.6,,21.3,21.6,64.37,,,,,,,,,
a55f559a-0eea-46ee-b003-2998b80c175c,2022-03-15T09:32:10.480652,223,3,1001.73,22.29,30.59,,21.5,21.6,64,,,20.8,20.8,271,,,,
a0170605-ab65-416a-b591-d8f4a23dc5ed,2022-03-15T09:33:50.449799,224,3,1001.7,22.3,30.57,,21.7,21.6,64.04,,,22.5,22.5,537,,,,
3bbd506b-7f97-4360-b984-ed686c456fe6,2022-03-15T09:35:30.812713,227,3,1001.7,22.33,30.67,,22,21.6,65.07,,,23.3,23.3,467,,,,
2f82f460-a6ce-4744-8bc1-51d9b504e420,2022-03-15T09:37:11.373852,230,3,1001.67,22.34,30.63,,24.8,23.7,63.71,,,25.9,25.9,467,,,,
228e0c0d-c723-4141-8b6f-deffb3dc697f,2022-03-15T09:40:00.253996,235,3,1001.64,22.32,30.7,,24.1,24.1,64.34,,,21.2,21.2,246,,,,
dafa7e9c-fc49-48f6-bb87-85fe43714d12,2022-03-15T09:42:49.998529,231,3,1001.58,22.31,30.92,,21.3,21.6,64.46,,,25.6,25.6,305,,,,
be24af01-3177-4b8f-aab5-a23ccb151f10,2022-03-15T09:44:29.837640,235,3,1001.53,22.29,30.91,,24.8,24.2,64.69,,,21.2,21.2,563,,,,
27855e4a-8600-4583-ab27-ea94e9c9fca7,2022-03-15T09:47:15.240221,233,3,1001.44,22.25,31.12,,21.3,21.5,64.64,,,25.9,25.9,538,,,,
d25fa695-b7e1-464b-b1dc-d1991831112f,2022-03-15T09:48:55.879307,232,0,1001.43,22.22,31.24,,21.3,21.5,63.88,,,25.9,25.9,443,,,,
1ebc8f90-a886-4582-9e26-3d6718f37e9e,2022-03-15T09:52:10.169786,234,0,1001.45,22.14,31.38,,21.2,21.4,64.2,,,25.9,25.9,272,,,,
08dd96ce-b9b8-4ad2-abd2-16b908341cf3,2022-03-15T09:53:50.712980,230,3,1001.44,22.11,31.51,,21.4,21.4,64.1,,,20.7,20.7,246,,,,
fa38fbf0-d2e7-4945-9b17-0359a102ccbc,2022-03-15T09:55:31.012124,230,3,1001.4,22.08,31.54,,21.3,24.4,63.58,,,21.9,21.9,419,,,,
2989c520-2e17-48f7-9cb4-b403419a2ec8,2022-03-15T09:57:10.501291,232,3,1001.35,22.07,31.62,,24.8,24.1,64.17,,,25.6,25.6,418,,,,
abc96cca-3fda-4f8c-b069-101651e8a4b2,2022-03-15T09:59:36.517958,234,3,1001.3,22.06,31.61,,21.3,21.3,64.49,,,25.6,25.6,176,,,,
f8970959-61a6-45cf-a9ba-55240fdcc957,2022-03-15T10:01:17.011096,239,3,1001.29,22.09,31.57,,23.7,24.2,64.23,,,25.6,25.6,246,,,,
b0361a95-4e4e-4bfe-a2ec-d1f78a5314d8,2022-03-15T10:04:36.021163,245,3,1001.29,22.14,31.39,,25.4,24.3,63.58,,,26.5,26.5,538,,,,
b9541b79-63ba-431e-80f7-58d1ef2a07c4,2022-03-15T10:06:16.518358,248,2,1001.27,22.19,31.3,,21.4,21.5,65.57,,,25.8,25.8,272,,,,
3de6a6cc-11b4-45d2-b8f3-99966696e396,2022-03-15T10:08:21.175268,247,3,1001.26,22.22,31.26,,21.5,21.5,64.83,,,26.1,26.1,1,,,,
f468cb25-8d4d-4bdb-96e8-b9150c35c5c5,2022-03-15T10:10:09.388479,248,2,1001.23,22.25,31.19,,24.2,24.4,64.6,,,21,21,175,,,,
ec42982b-4bc7-4465-adc9-029912a97106,2022-03-15T10:11:49.309762,246,3,1001.23,22.28,31.15,,21.7,21.6,64,,,23.4,23.4,467,,,,
97cd7d81-d2bc-47cd-9842-deed687fcd19,2022-03-15T10:13:29.428949,244,3,1001.2,22.3,31.18,,21.5,21.7,63.82,,,21.2,21.2,306,,,,
024f6026-82ee-424c-817c-7cc0d1a00ad2,2022-03-15T10:15:09.428122,245,3,1001.2,22.33,31.17,,21.6,21.7,63.43,,,22.1,22.1,418,,,,
ce0ef801-fc2d-42f3-b899-ad7e97fe3ac8,2022-03-15T10:20:30.943509,243,3,1001.24,22.39,31.19,,21.5,21.7,63.78,,,22.8,22.8,419,,,,
e7826be3-79ba-4a13-ac19-fd17c743e7e8,2022-03-15T10:23:40.455874,246,3,1001.17,22.42,31.11,,25.2,24.8,64.78,,,26.4,26.4,444,,,,
46c26878-da45-4185-bb23-1ea1e73d6b26,2022-03-15T10:25:20.157064,244,3,1001.17,22.44,31.09,,,,,,,,,,,,,
ce7c47cc-5a8a-47ec-94b9-980ab93da470,2022-03-15T10:27:53.929734,243,3,1001.11,22.45,31.17,,24.5,24.8,64.27,,,26.3,26.3,271,,,,
7878e135-c638-48c8-afbe-a76c64dec9ad,2022-03-15T10:29:33.996928,241,3,1001.13,22.47,31.11,,25.4,24.9,63.87,,,22.5,22.5,443,,,,
ac93e743-ba09-4f4a-b6c9-bd753911a07b,2022-03-15T10:31:54.187888,244,3,1001.13,22.49,31.1,,21.6,21.9,63.2,,,26.3,26.3,563,,,,
e23bc378-b884-42e3-9d6b-24fddc7d756b,2022-03-15T10:33:34.942855,244,3,1001.15,22.49,31.12,,24.4,25.1,63.34,,,25.9,25.9,247,,,,
71fa2e56-c9a3-410c-af32-e8724b2f9ac9,2022-03-15T10:35:15.359999,245,3,1001.06,22.48,31.18,,25,25,63.34,,,23.5,23.5,467,,,,
09da67e0-9751-4415-ac10-071f84250b9d,2022-03-15T10:36:55.897088,246,3,1000.99,22.47,31.3,,24.3,24.9,63.34,,,25.7,25.7,331,,,,
c59a6067-c84d-410b-8dd4-38a7252ce032,2022-03-15T10:38:36.260255,247,3,1000.91,22.43,31.37,,21.8,21.9,63.34,,,25.8,25.8,562,,,,
a11c5604-96d8-4532-9cd0-ad2316448780,2022-03-15T10:40:16.705345,247,3,1000.89,22.41,31.53,,24,24.8,63.34,,,21.5,21.5,246,,,,
7aa658ae-312a-4591-bad6-a3dcae331d81,2022-03-15T10:43:04.767796,242,3,1000.88,22.36,31.75,,25.2,24.8,63.34,,,22,22,538,,,,
7c6e1899-5a1d-4e3a-823f-ade79a18b62d,2022-03-15T10:44:45.130806,244,3,1000.85,22.35,31.88,,21.6,21.8,63.34,,,21.7,21.7,443,,,,
11194907-29c0-4a29-826a-8be496645729,2022-03-15T10:47:26.351166,242,3,1000.8,22.32,31.96,,24.2,24.9,63.34,,,21.4,21.4,305,,,,
32f61413-66c2-4d22-8223-7ffe4faf684c,2022-03-15T10:49:06.794097,241,3,1000.74,22.28,32.05,,23.8,24.8,63.34,,,21.3,21.3,305,,,,
1a7b73e2-d325-45d2-bfbe-33101d204e33,2022-03-15T10:50:46.959158,242,3,1000.7,22.26,32.13,,21.6,21.6,63.34,,,25.7,25.7,306,,,,
25703ca1-2e8e-4e21-88dd-8de9d8c7c54c,2022-03-15T10:52:27.118311,243,3,1000.66,22.25,32.04,,23.9,24.5,63.34,,,21.3,21.3,305,,,,
8a954ea5-96f1-4c50-90df-162070ae57ab,2022-03-15T10:54:31.799110,250,2,1000.63,22.25,32.15,,23.8,24.4,63.34,,,21.2,21.2,246,,,,
d72653a8-ec06-4ed8-8d5e-e5d94e501363,2022-03-15T10:56:12.176221,250,2,1000.59,22.25,32.21,,21.7,21.6,63.34,,,21.2,21.2,176,,,,
bf56d735-5527-4e5c-a5f0-b95ba8742d4f,2022-03-15T10:58:10.773015,249,2,1000.55,22.25,32.2,,21.7,21.7,63.34,,,26.3,26.3,417,,,,
63b5390a-5e6e-4527-ae56-97c766ee3829,2022-03-15T11:00:05.769889,245,2,1000.49,22.3,32,,24.3,24.3,63.34,,,26,26,246,,,,
b6aa10ab-342b-4eb9-a9b1-fefbc2879173,2022-03-15T11:01:45.919012,249,2,1000.4,22.35,31.83,,25,24.4,63.34,,,26.1,26.1,467,,,,
d27e71f1-0310-4a10-9439-60526dbc5ff0,2022-03-15T11:03:26.634198,250,2,1000.33,22.39,31.65,,24.3,24.4,63.34,,,26,26,246,,,,
7ca69255-14dd-4de1-b46f-8a67a058f104,2022-03-15T11:05:07.703345,247,2,1000.3,22.42,31.64,,25.3,24.5,63.34,,,26.3,26.3,537,,,,
69b12aa2-f78e-40dc-a495-dc1ac03900f4,2022-03-15T11:07:05.908364,246,2,1000.24,22.45,31.72,,24.4,24.6,63.34,,,26.1,26.1,305,,,,
6f41c11b-1efb-4f73-b676-f2f1fec746ce,2022-03-15T11:08:45.779627,248,3,1000.22,22.49,31.68,,,,,,,,,,,,,
36e7b95c-6f77-4a31-bbbe-c6f188d94620,2022-03-15T11:09:57.682965,246,3,1000.25,22.5,31.77,,25.6,24.7,63.34,,,26.3,26.3,562,,,,
64d1b00d-9da2-4c99-8afd-b6b71dd40faa,2022-03-15T11:12:26.987849,247,2,1000.2,22.54,31.58,,21.7,22,63.34,,,26.6,26.6,418,,,,
f26fb8a3-525d-4e09-9de3-06a95644ecbb,2022-03-15T11:14:07.471058,248,3,1000.21,22.59,31.52,,21.8,22,63.34,,,26.4,26.4,538,,,,
61ee2290-2921-447c-8164-1dc5b5d844ae,2022-03-15T11:15:48.322129,247,3,1000.2,22.62,31.52,,21.7,22.1,63.34,,,26.7,26.7,272,,,,
bd20a5a2-f16e-4866-bec6-279bcfc80b7e,2022-03-15T11:17:53.793119,247,3,1000.16,22.64,31.49,,21.9,22.1,63.34,,,24.3,24.3,467,,,,
3bc5f155-10b9-4c98-8b3e-34dd0410e03e,2022-03-15T11:20:12.229951,247,3,1000.09,22.66,31.46,,21.7,22.1,63.34,,,21.8,21.8,175,,,,
436170f8-7963-4e18-af8b-3891d4b9bc59,2022-03-15T11:21:52.898177,249,2,1000.05,22.66,31.49,,21.8,22.1,63.34,,,21.8,21.8,271,,,,
e23dc417-8daa-4dfe-8b3c-024762504c86,2022-03-15T11:23:33.332545,246,3,1000.02,22.65,31.6,,24.3,25.1,63.34,,,26.3,26.3,246,,,,
86b78219-a2f3-4cdf-b506-c101e0d69245,2022-03-15T11:25:13.655736,245,3,999.99,22.63,31.79,,25.2,25.1,63.34,,,26,26,443,,,,
a20dfeea-ae8b-4200-806f-a6cafd944206,2022-03-15T11:26:54.526797,244,3,999.94,22.6,31.89,,24.4,25,63.34,,,26.2,26.2,306,,,,
3732d335-096f-4d56-913d-8cbd6371e039,2022-03-15T11:28:35.006028,239,3,999.92,22.56,32.06,,24.3,24.9,63.34,,,21.8,21.8,305,,,,
ff8dd08b-c136-4189-9f0e-85b0e94d1ec1,2022-03-15T11:31:12.488578,238,3,999.84,22.51,32.3,,21.7,21.8,63.34,,,26,26,563,,,,
283972a9-0887-4ce4-8705-2784c3886f5b,2022-03-15T11:32:53.081645,240,3,999.82,22.48,32.31,,21.6,21.8,63.34,,,25.8,25.8,306,,,,
1e9f390e-4fe6-447f-b01a-85b882730a9a,2022-03-15T11:34:33.576787,241,3,999.76,22.46,32.33,,25.1,24.9,63.34,,,22.7,22.7,443,,,,
1640f8f8-b357-4cc1-96e5-df41ee9ee907,2022-03-15T11:36:38.683541,242,3,999.79,22.43,32.48,,21.7,21.7,63.34,,,21.7,21.7,176,,,,
c91e8f9e-721d-4b52-b631-bed6501adba3,2022-03-15T11:38:19.004601,244,3,999.82,22.41,32.56,,21.7,24.8,63.34,,,21.5,21.5,305,,,,
e087b7fb-11c2-4719-9fff-dd8417de5d25,2022-03-15T11:39:59.379658,242,3,999.81,22.41,32.61,,21.6,21.7,63.34,,,22.6,22.6,419,,,,
5099849b-a4b1-4823-8cab-cfdbadac3ebc,2022-03-15T11:41:39.738660,243,3,999.81,22.37,32.59,,21.6,21.6,63.34,,,21.7,21.7,444,,,,
fc75fa8c-2535-459a-aea7-cc79d456507d,2022-03-15T11:48:09.886944,237,3,999.75,22.28,32.85,,25.1,24.7,63.34,,,26.2,26.2,419,,,,
9df2bda8-94ba-45e6-9975-477a7b29bdc7,2022-03-15T11:49:50.444048,237,3,999.73,22.31,32.86,,24.1,24.6,63.34,,,26.3,26.3,332,,,,
80044d3b-6aae-42bb-aca3-529ea4bd1479,2022-03-15T11:51:31.143018,237,3,999.69,22.32,32.92,,21.5,21.5,63.34,,,26.3,26.3,305,,,,
1ee63d0d-0014-44dd-87c3-36bd67b2d60c,2022-03-15T11:53:31.527923,240,3,999.57,22.38,32.48,,24.3,24.5,63.34,,,26,26,272,,,,
93526455-2a08-4fa5-a5e6-86a7e620fd41,2022-03-15T11:55:12.224961,237,3,999.5,22.43,32.57,,25.3,24.5,63.34,,,26,26,418,,,,
9b420eae-b829-4006-aaf6-bd284910544d,2022-03-15T11:56:52.768091,233,3,999.47,22.45,32.35,,25.2,24.5,63.34,,,22.7,22.7,443,,,,
7e1f17ad-8284-4eb2-8204-2d95efbcbd9f,2022-03-15T14:16:12.949401,197,3,998.24,22.94,34.24,,,,,,,,,,,,,
a93ac858-7421-4974-9283-6825ca8dd8f1,2022-03-15T14:16:57.443029,197,3,998.27,22.92,34.37,,21.6,22.1,63.34,,,22,22,562,,,,
befcf363-320b-44e9-876c-b8c58ceafe1f,2022-03-15T14:18:52.974073,196,3,998.25,22.88,34.54,,21.6,22.1,63.34,,,22.7,22.7,537,,,,
36b75843-5333-4dfa-af32-a3027119f95b,2022-03-15T14:20:35.155368,199,3,998.19,22.85,34.65,,25.4,25,63.34,,,26,26,537,,,,
638f9a7d-20ee-4834-9a1b-8c186ffafc08,2022-03-15T14:22:17.570471,200,3,998.19,22.84,34.6,,25.1,25,63.34,,,26.1,26.1,563,,,,
b1ef4fbd-0fb1-4cc6-a4af-16a101a56cd7,2022-03-15T14:23:59.839743,202,3,998.19,22.82,34.59,,24.3,25,63.34,,,26.2,26.2,305,,,,
19230fd2-dc7b-47dd-81dd-82eb2cc64cf2,2022-03-15T14:25:42.154790,199,3,998.18,22.77,34.93,,25.4,24.9,63.34,,,26.4,26.4,537,,,,
c7a0b633-a846-473a-a7b3-65775c9bc37e,2022-03-15T14:27:24.373960,195,3,998.22,22.77,34.78,,24.1,25,63.34,,,26.1,26.1,270,,,,
887968ca-288b-4a2c-b73e-3eb48b70cbed,2022-03-15T14:29:06.369072,200,3,998.25,22.77,34.86,,24.1,24.9,63.34,,,21.6,21.6,246,,,,
d00dc2f5-50a3-405f-b7e9-a1cdc1c2a94a,2022-03-15T14:30:48.524315,202,3,998.28,22.77,34.8,,22,22,63.34,,,26.4,26.4,466,,,,
a9a4beb5-9bec-4f42-98bf-4a894cdf75cf,2022-03-15T14:32:30.499378,199,3,998.37,22.76,34.78,,24,25,63.34,,,21.6,21.6,175,,,,
ab0ec6fa-1b4e-4c89-984c-dc2c87c783df,2022-03-15T14:34:12.074473,196,3,998.31,22.75,34.9,,25,25,63.34,,,25.9,25.9,443,,,,
fc4aeb51-123b-43f1-a17e-7c4be3fe98dd,2022-03-15T14:35:53.669610,197,3,998.29,22.72,35.07,,21.9,21.9,63.34,,,22.9,22.9,467,,,,
1cca0e60-7740-4022-92f4-4b68a9cd41bb,2022-03-15T14:37:34.756698,199,3,998.3,22.72,35.01,,21.7,21.9,63.34,,,21.3,21.3,304,,,,
8911509b-5694-45f7-9029-bf4738ca5a17,2022-03-15T14:39:17.165871,199,3,998.27,22.71,34.94,,21.8,21.9,63.34,,,26.2,26.2,304,,,,
097649e0-b15b-467f-b4c9-f751b999c9c8,2022-03-15T14:40:59.268980,199,3,998.29,22.7,34.94,,21.6,21.8,63.34,,,21.5,21.5,246,,,,
5d3ba628-ca97-41fe-80de-069556ce03f8,2022-03-15T14:42:41.212202,194,3,998.28,22.67,35.02,,21.8,21.8,63.34,,,25.7,25.7,331,,,,
5493303f-b770-4a79-bb52-5070849713bb,2022-03-15T14:44:23.311486,195,3,998.17,22.65,35.21,,21.9,21.8,63.34,,,22.6,22.6,418,,,,
123a54c2-cb50-4c4c-90f2-58b3445c5463,2022-03-15T14:46:05.632625,193,3,998.09,22.66,35.22,,21.9,21.8,63.34,,,24.3,24.3,443,,,,
b455ccaf-3f51-44b9-8cf5-692cd94d8281,2022-03-15T14:56:33.669557,197,3,998.09,22.72,34.72,,,,,,,,,,,,,
afe522c5-5a44-4b32-b400-33a6c055369f,2022-03-15T14:57:51.518921,201,3,998.13,22.75,34.72,,21.7,21.9,63.34,,,21.5,21.5,174,,,,
e145409f-2626-4ae9-a4bd-3a03b04dca14,2022-03-15T14:59:33.312343,201,3,998.12,22.79,34.65,,24.4,24.6,63.34,,,21.5,21.5,306,,,,
466f8952-61b9-40f7-b70f-8ebd91a6b9df,2022-03-15T15:01:15.257551,204,3,998.11,22.81,34.72,,22,22,63.34,,,26.8,26.8,418,,,,
8588e2cb-c89d-4816-bf70-f1601aa248da,2022-03-15T15:03:16.684674,205,3,998.14,22.86,34.59,,22,22,63.34,,,22.8,22.8,537,,,,
c4e238fa-77d6-4731-9f5e-42fff9d5b77d,2022-03-15T15:04:58.725927,204,3,998.11,22.89,34.52,,21.9,22,63.34,,,26.5,26.5,271,,,,
c5785327-9ead-475a-9516-f654dbc731c1,2022-03-15T15:06:40.817226,207,3,998.1,22.86,34.51,,22,22,63.34,,,26.2,26.2,563,,,,
da80e7e4-4aa1-4544-81d6-d73fd14ef236,2022-03-15T15:08:23.434509,213,3,998.09,22.85,34.62,,24.4,24.9,63.34,,,26.3,26.3,175,,,,
716630c5-7588-4d39-8d66-1c9d4086cc76,2022-03-15T15:10:30.857489,219,3,998.04,22.83,34.88,,21.9,21.9,63.34,,,26.4,21.8,304,,,,
3bc48182-5409-47f2-9282-af114291f40b,2022-03-15T15:13:02.530390,228,3,997.99,22.8,35.18,,25.4,24.7,63.34,,,26.7,26.7,537,,,,
5affdacb-d6bd-4361-9216-13924de4b88b,2022-03-15T15:14:43.937733,233,3,998.04,22.78,35.21,,22,22,63.34,,,26.2,26.2,561,,,,
8afd02bc-9b53-452d-b1fd-0336533f5338,2022-03-15T15:16:25.092711,234,3,998.02,22.78,35.33,,21.9,22,63.34,,,24.7,24.7,466,,,,
39cfd878-a9d8-4b73-8cb6-f3c662c95a31,2022-03-15T15:18:31.911482,235,3,997.96,22.77,35.34,,21.9,22.1,63.34,,,22.3,22.3,537,,,,
5c698464-bae5-4a7c-ae11-bf80dbf45e65,2022-03-15T15:20:14.998611,237,3,997.98,22.76,35.4,,21.9,22,63.34,,,21.8,21.8,305,,,,
d3e30566-06ad-46ce-9aaa-5dccafd19860,2022-03-15T15:22:03.587550,236,3,998.01,22.74,35.49,,21.9,22,63.34,,,21.8,21.8,304,,,,
a0f2e995-2ff5-47a0-a7fb-2a2c55d82ada,2022-03-15T15:23:44.372808,242,3,998.07,22.73,35.66,,21.9,21.9,63.34,,,21.9,21.9,304,,,,
0e14cc43-0431-473e-9e7f-00491d5a3519,2022-03-15T15:25:25.619918,243,3,998.12,22.73,35.64,,22,22,63.34,,,22.5,22.5,416,,,,
85367c88-be60-40b3-8596-f531509b330c,2022-03-15T15:27:30.365027,243,3,998.16,22.71,35.7,,26.7,25,63.34,,,,,,,,,
9ca3cfbf-2f5d-47ef-92cd-7c07be0463c5,2022-03-15T15:28:41.404434,243,3,998.17,22.7,35.75,,25.6,24.9,63.34,,,26.8,26.8,418,,,,
72074fe4-4a1e-4673-abad-25857fca4ecd,2022-03-15T15:30:22.791647,249,3,998.14,22.71,35.81,,24.3,24.8,63.34,,,21.9,21.9,270,,,,
f6e3eec3-4e00-4f65-b431-8690f2bf6b1e,2022-03-15T15:32:03.330899,250,2,998.12,22.7,35.84,,24.4,24.7,63.34,,,26.4,26.4,245,,,,
37ae2df0-ec73-4090-b274-2997eda64d88,2022-03-15T15:34:07.985933,246,3,998.15,22.68,35.83,,21.8,21.9,63.34,,,25.9,25.9,330,,,,
1d278e33-9e78-43bf-86b9-70df34b4e761,2022-03-15T15:35:48.199179,247,3,998.18,22.67,35.73,,25,24.9,63.34,,,26.2,26.2,442,,,,
f48ff6f8-47a0-4625-96d7-33e1db1042e5,2022-03-15T15:37:52.520198,245,3,998.22,22.66,35.82,,24.7,25,63.34,,,23,23,466,,,,
c1d220c4-45ae-477a-a813-8587ba924247,2022-03-15T15:39:33.419434,243,3,998.19,22.64,35.81,,24.2,25,63.34,,,21.7,21.7,174,,,,
f3718da1-175e-45c7-ac62-71cea9c62265,2022-03-15T15:41:13.904662,246,3,998.22,22.64,35.88,,21.7,21.8,63.34,,,22.4,22.4,443,,,,
7f826cf1-f494-4a66-8d5d-8bb656da1656,2022-03-15T15:43:32.911537,243,3,998.21,22.63,35.83,,25,24.5,63.34,,,22.2,22.2,443,,,,
efa760eb-aa1d-4a6c-9c49-68b714e70f8f,2022-03-15T15:45:13.182790,244,3,998.22,22.6,35.92,,21.5,21.6,63.34,,,21.6,21.6,246,,,,
79b0dbcf-d9dc-4542-87da-ee11983a3875,2022-03-15T15:46:53.372052,245,2,998.23,22.6,35.86,,21.7,21.7,63.34,,,23,23,418,,,,
d643a692-a4b7-41b7-becf-2c354b7e7cd6,2022-03-15T15:48:33.901281,246,3,998.26,22.62,35.76,,21.8,21.7,63.34,,,21.7,21.7,305,,,,
6633e858-b07a-4331-9e63-90968c7f8976,2022-03-15T15:50:30.948317,244,3,998.2,22.63,35.39,,21.9,21.8,63.34,,,26.3,26.3,305,,,,
5cfefc29-69b6-4c5f-b7cb-b2b215588277,2022-03-15T15:52:11.931568,245,3,998.16,22.66,35.33,,24.6,24,63.34,,,26.4,26.4,270,,,,
c594788c-700e-4267-8fd0-519a7ca0e2b3,2022-03-15T15:53:52.582750,245,3,998.14,22.68,35.32,,22.1,21.8,63.34,,,26.2,26.2,537,,,,
e2a439ae-ff8a-4585-a99b-800cf7673d65,2022-03-15T15:55:46.967845,249,3,998.14,22.7,35.43,,25.6,24.1,63.34,,,26.5,26.5,561,,,,
42d002a0-08d6-4574-b1d6-58b3158096c0,2022-03-15T15:57:26.951115,246,3,998.18,22.76,35.2,,24.7,24.2,63.34,,,26.4,26.4,304,,,,
d746d64c-abc0-4ad9-8f5e-bf7bfda6cd8f,2022-03-15T15:59:31.498187,247,3,998.21,22.77,35.71,,21.9,21.9,63.34,,,22.6,22.6,416,,,,
ce715847-dc80-4b75-9588-68c489875578,2022-03-15T16:01:41.715218,248,3,998.19,22.79,35.23,,21.9,22,63.34,,,22.1,22.1,330,,,,
448938f7-377f-475d-b0f5-a69ece93234c,2022-03-15T16:04:04.048092,247,2,998.22,22.84,35.12,,22,22,63.34,,,23.9,23.9,466,,,,
ce567de3-19fb-4f26-89a2-11a9a1cc1dcb,2022-03-15T16:06:26.053138,246,3,998.18,22.85,35.03,,25.6,24.7,63.34,,,26.2,26.2,443,,,,
d09ee3f8-e9da-4a68-a7cc-cd1b0d4ec0b1,2022-03-15T16:08:48.751797,248,2,998.16,22.82,35.12,,24.4,24.8,63.34,,,21.9,21.9,305,,,,
1d2a6d96-233b-48bc-b234-aa036662039a,2022-03-15T16:11:11.541058,249,0,998.17,22.78,35.3,,21.9,21.9,63.34,,,22.1,22.1,562,,,,
577e1742-2004-4c63-b310-27b1affbb4f3,2022-03-15T16:13:32.984131,251,0,998.15,22.75,35.42,,24.7,24.7,63.34,,,24.7,24.7,537,,,,
c16b5e17-19d9-4c6b-95c6-7411f321a140,2022-03-15T16:17:08.592468,249,2,998.09,22.69,35.81,,23.8,24.5,63.34,,,23.9,23.9,466,,,,
7ddf1644-4a2d-4a38-a8ab-13229cf69b62,2022-03-15T16:19:31.163168,246,3,998.05,22.67,35.99,,23.1,24.2,63.34,,,23.6,23.6,304,,,,
e9c0fb17-70d2-444a-8729-1963e631a799,2022-03-15T16:21:53.206343,246,3,997.97,22.66,35.94,,21.6,21.9,63.34,,,23.4,23.4,442,,,,
7693b569-bd28-443a-9b6c-354a02604a46,2022-03-15T16:24:15.877402,247,3,997.89,22.64,36.05,,21.6,21.8,63.34,,,22,22,537,,,,
57fd736f-3be2-4ab7-9af7-c6c9c6b626cb,2022-03-15T16:26:38.446489,247,3,997.83,22.63,36.07,,21.4,21.8,63.34,,,21.8,21.8,442,,,,
2daf217b-f87c-4de6-b291-01252dc555dd,2022-03-15T16:29:00.245498,248,2,997.8,22.61,36.17,,21.5,21.8,63.34,,,21.7,21.7,418,,,,
ec162a92-e937-4f61-a6e8-704d68f4bbfa,2022-03-15T16:37:03.460111,245,2,997.85,22.56,36.3,,22.5,23.7,63.34,,,22.1,22.1,418,,,,
e620d5a0-cf53-48a5-ae07-af9ff65d5d9c,2022-03-15T16:39:25.861123,248,2,997.93,22.55,36.36,,22.2,23.6,63.34,,,23.4,23.4,271,,,,
94c58c36-846e-4341-a62b-53b36d543c7c,2022-03-15T16:41:48.272105,249,2,997.97,22.54,36.38,,22.7,23.4,63.34,,,24.4,24.4,304,,,,
0528f25f-da0d-4686-961e-1b3b63b1f4ef,2022-03-15T16:44:10.295030,249,2,998,22.54,36.35,,21.6,21.6,63.34,,,21.5,21.5,175,,,,
7bebe0be-1746-4443-a3b5-d0c4f260078f,2022-03-15T16:47:08.383749,248,3,997.96,22.54,36.42,,21.5,21.6,63.34,,,21.5,21.5,0,,,,
64256b7f-e067-4d9b-a278-3b4d7cfa314e,2022-03-15T16:51:44.955697,249,2,998.03,22.51,36.47,,23.9,21.5,63.34,,,21.4,21.4,245,,,,
215e698d-866a-401d-870e-60e446deccc3,2022-03-15T16:53:25.666979,249,2,998.03,22.51,36.6,,24.1,23.5,63.34,,,21.5,21.5,245,,,,
65a8bf1a-7140-4b24-be7c-a36a7a2db5ba,2022-03-15T16:55:51.803771,246,3,998.04,22.51,36.36,,21.7,21.6,63.34,,,21.5,21.5,174,,,,
29f0adb1-671e-4aba-9ef6-0b0ece756f42,2022-03-15T16:59:28.114381,241,3,998.09,22.54,35.89,,21.7,21.7,63.34,,,21.7,21.7,303,,,,
04ce4665-2c50-43c0-92f3-5ab49c31f412,2022-03-16T12:34:08.684106,169,1,1000.2,23.3,34.55,,22.3,22,63.34,,,21.5,21.5,443,,,,
f1cd07e0-ee86-4897-9d36-71f7ca3c3f4a,2022-03-16T12:41:08.506387,172,1,1000.23,23.37,34.56,,24.4,22.5,63.34,,,25.6,25.6,442,,,,
58fd5d94-1082-44e8-9090-ff004153ef12,2022-03-16T12:43:06.847810,173,1,1000.19,23.41,34.52,,23.7,22.8,63.34,,,25.6,25.6,305,,,,
d20d76cf-e3d9-48ad-8a76-f8c2a0bf5ad8,2022-03-16T12:57:52.617718,187,1,999.89,23.35,34.97,,21.6,22.2,63.34,,,26.4,26.4,537,,,,
5239d8aa-ae9f-4a2c-b298-ec9e4026d82f,2022-04-27T09:35:37.165696,143,0,1000.13,21.67,33.96,,19.4,20.4,-1025.99,,,,,,,,,
eb006f7e-35b0-4bdf-8e24-e5965e03c454,2022-05-03T15:34:27.537143,193,3,992.73,23.45,35.39,,21.5,22.4,-1025.99,,,,,,,,,
c24732b2-a760-4315-b29d-b3ca44affb26,2022-05-04T08:04:30.183196,193,0,995.02,23.45,35.29,,24.8,22.7,-1025.99,,,,,,,,,
c8765708-10aa-45ba-bb2c-a3c171bbcaff,2022-05-12T19:11:52.231834,151,3,995.06,28.84,30.95,,27.2,27.9,-1025.99,,,,,,,,,
aa0d9200-5c90-4d3d-adb4-27045c6855c9,2022-06-02T09:05:29.429629,181,0,996.88,25.5,30.09,2022-06-02T09:05:36.681542,23.6,25.1,-1025.99,2022-06-02T09:05:46.777980,2022-06-02T09:05:56.619451,,,,,,,
08537450-510f-4b99-b552-49d263e6f611,2022-06-02T09:10:29.639074,174,3,996.82,25.56,30.02,2022-06-02T09:10:36.891143,23.7,25.1,-1025.99,2022-06-02T09:10:46.941441,2022-06-02T09:10:56.828854,23.5,23.5,94,,,2022-06-02T09:11:06.932722,2022-06-02T09:11:32.302483
3f86f547-5489-45cc-b4f1-e3735b34c40e,2022-06-02T09:12:07.578195,175,3,996.81,25.57,29.88,2022-06-02T09:12:14.830009,23.8,25.1,-1025.99,2022-06-02T09:12:24.885306,2022-06-02T09:12:34.767733,23.4,23.4,94,,,2022-06-02T09:12:44.899782,2022-06-02T09:13:10.241268
fa720546-75dd-4af3-a680-023884a45edc,2022-06-02T09:14:37.566409,177,3,996.86,25.59,29.88,2022-06-02T09:14:44.818175,23.6,24.6,-1025.99,2022-06-02T09:14:54.880311,2022-06-02T09:15:04.755793,23.6,23.6,94,,,2022-06-02T09:15:14.877606,2022-06-02T09:15:40.229497
2fca757b-9977-4600-a519-fe15a061d5ea,2022-06-02T09:16:15.519023,175,3,996.84,25.61,29.82,2022-06-02T09:16:22.771024,23.7,24.7,-1025.99,2022-06-02T09:16:32.802121,2022-06-02T09:16:42.708717,23.8,23.8,94,,,2022-06-02T09:16:52.834750,2022-06-02T09:17:18.182453
