,uuid,timestamp_prod_start,prod_plt_temp,timestamp_prod_end
0,54f145d2-e871-4bb9-8f9f-ee72e2ced9cd,2022-01-27 09:16:01.750997,18.54,2022-01-27 09:16:11.800704
1,a3ec2e1f-fa73-4c7c-9b2b-76c11e607ded,2022-01-27 09:17:39.566504,33.32,2022-01-27 09:17:49.616211
2,3fad8ca6-c3f5-4646-8d13-4d12c23bce4b,2022-01-27 09:19:47.517361,66.63,2022-01-27 09:19:57.567068
3,c047f085-5295-487c-983b-822973db31d8,2022-01-27 09:21:24.938869,69.02,2022-01-27 09:21:34.988576
4,d635cbe2-f5dc-4bc2-af97-b7dfb4f52dbc,2022-01-27 09:23:02.834619,70.03,2022-01-27 09:23:12.884326
5,9353e595-3e50-4b7f-a837-3179e90bc280,2022-01-27 09:24:39.940174,70.47,2022-01-27 09:24:49.989881
6,2c00d197-8706-4f91-b693-d69ca3453282,2022-01-27 09:26:18.395837,71.62,2022-01-27 09:26:28.445544
7,127a427b-c41b-4d80-912c-a8071ec1d62e,2022-01-27 09:27:56.259454,72.74,2022-01-27 09:28:06.309161
8,5d92230e-1a76-45f9-a999-e21f7bc46cb4,2022-01-27 09:29:55.526469,71.93,2022-01-27 09:30:05.576176
9,a8a6bf06-2160-4aed-8bf4-51b2c3452a0b,2022-01-27 09:31:57.617602,71.28,2022-01-27 09:32:07.667309
10,1fd97a4f-52b5-44b1-99ca-bbd1265a38f6,2022-01-27 09:33:34.819187,73.19,2022-01-27 09:33:44.868894
11,0baf0a82-b664-49a6-b761-f6d92d635773,2022-01-27 09:35:12.964843,72.61,2022-01-27 09:35:23.014550
12,1757b9d1-20c2-43c3-8d29-1cbe1fdf413b,2022-01-27 09:36:50.486530,72.94,2022-01-27 09:37:00.536237
13,0eae743f-d431-4c83-b376-692607138147,2022-01-27 09:38:40.479946,73.03,2022-01-27 09:38:50.529653
14,ae09f33c-dd60-4295-901a-06d6515f9a09,2022-01-27 09:40:17.955557,73.21,2022-01-27 09:40:28.005264
15,18b87675-a09b-4ebb-b21b-87128e5d0fc0,2022-01-27 09:41:55.669364,73.07,2022-01-27 09:42:05.719071
16,8b8c606e-a5fb-4e4f-872d-0747b03a335f,2022-01-27 09:43:33.523037,72.4,2022-01-27 09:43:43.572744
17,db81600b-0ccf-46eb-a808-cf99aa061515,2022-01-27 09:45:11.584619,72.35,2022-01-27 09:45:21.634326
18,2b93a06a-e418-4876-aa32-1ba995d97ee1,2022-01-27 09:46:48.968298,73.99,2022-01-27 09:46:59.018005
19,dd2dcb65-a7f3-496d-908c-16615c46486e,2022-01-27 09:48:26.218030,73.99,2022-01-27 09:48:36.267737
20,892fc4ca-343d-47e8-b959-f9857ee1419c,2022-01-27 09:50:03.851616,73.99,2022-01-27 09:50:13.901323
21,fecffa35-bfde-416c-9a80-5572d98f8d64,2022-01-27 09:52:28.280158,73.06,2022-01-27 09:52:38.329865
22,6be3028e-4393-4095-a662-5d849a9798fb,2022-01-27 09:54:06.229826,73.34,2022-01-27 09:54:16.279533
23,71e6fdb9-cf48-4d7c-86ff-2a35fe47570b,2022-01-27 09:55:43.597442,73.17,2022-01-27 09:55:53.647149
24,b222d96e-cd2e-4e8a-8e06-41e04ce2df27,2022-01-27 09:57:20.907166,73.48,2022-01-27 09:57:30.956873
25,8c45a87c-5508-4585-85f4-201d5266d554,2022-01-27 09:58:58.612632,73.05,2022-01-27 09:59:08.662339
26,1fc9cdb0-5804-4f9a-a462-f708627fe584,2022-01-27 10:00:36.166243,73.5,2022-01-27 10:00:46.215950
27,ae43247e-7159-404f-af1d-6e16c3b77605,2022-01-27 10:02:13.947859,72.96,2022-01-27 10:02:23.997566
28,0de65557-2208-4796-b402-de70de0e0f30,2022-01-27 10:04:13.646910,96.38,2022-01-27 10:04:23.696617
29,b07c18e8-c3e2-48a2-8aac-769a2260bb6d,2022-01-27 10:05:51.040527,98.15,2022-01-27 10:06:01.090234
30,a497a745-69a8-4cf5-8756-6bac289cb08b,2022-01-27 10:07:28.694299,99.55,2022-01-27 10:07:38.744006
31,875d63cf-1926-42cb-bcc2-7605a41b5e27,2022-01-27 10:09:05.987979,97.64,2022-01-27 10:09:16.037686
32,10a5fc4e-4b1d-489b-b735-cf606b629d51,2022-01-27 10:10:43.947640,98.88,2022-01-27 10:10:53.997347
33,5da8e8e2-8a24-4452-ae1b-51b04deaf813,2022-01-27 10:12:21.043366,97.96,2022-01-27 10:12:31.093073
34,14d5510b-7ee0-4cb2-8c22-39ec168780f3,2022-01-27 10:13:57.981116,98.9,2022-01-27 10:14:08.030823
35,c12c6879-3bd1-4fc6-9ba0-3303d6e6a029,2022-01-27 10:15:35.696893,98.59,2022-01-27 10:15:45.746600
36,95fed411-0495-4dac-99a9-4620995fd101,2022-01-27 10:17:13.278573,98.78,2022-01-27 10:17:23.328280
37,5fa59a1b-4b74-4730-8be0-413e0b2ed066,2022-01-27 10:18:50.738247,98.82,2022-01-27 10:19:00.787954
38,6c518ada-d8c0-479b-9581-f38fb455122c,2022-01-27 10:20:28.479841,99.03,2022-01-27 10:20:38.529548
39,9de4e943-66b8-4d80-90f8-6b52520d45c3,2022-01-27 10:22:06.339246,98.72,2022-01-27 10:22:16.388953
40,d7aeea8c-a1e0-4059-abb8-b674370c579e,2022-01-27 10:23:44.786993,98.71,2022-01-27 10:23:54.836700
41,8cddde73-9066-4390-bbfe-8877c83d4715,2022-01-27 10:25:21.834590,98.79,2022-01-27 10:25:31.884297
42,e0d47802-02e2-4158-a491-58ea31c9c554,2022-01-27 10:27:00.134167,98.73,2022-01-27 10:27:10.183874
43,de1dd96e-bc24-47c5-abd7-f1eb8851e8ca,2022-01-27 10:28:37.473686,98.72,2022-01-27 10:28:47.523393
44,bc66f466-1123-475b-9981-41ee31c1deea,2022-01-27 10:30:15.031303,98.6,2022-01-27 10:30:25.081010
45,4d06decd-d964-4234-9cd6-c75803f918d3,2022-01-27 10:31:53.884867,98.27,2022-01-27 10:32:03.934574
46,dd3ecd76-e98e-49df-a309-f381f6ea2b76,2022-01-27 10:33:31.438752,98.79,2022-01-27 10:33:41.488459
47,9655053e-62bc-43d9-8925-5d7671f9de21,2022-01-27 10:35:21.159745,99.14,2022-01-27 10:35:31.209452
48,4954525e-aee3-4b14-9505-fd2539087755,2022-01-27 10:36:54.325481,100.52,2022-01-27 10:37:04.375188
49,7521bc94-a3b0-4065-a2c6-36c19081ea55,2022-01-27 10:38:21.565211,98.1,2022-01-27 10:38:31.614918
50,638e811e-c911-41e9-9978-7875834e681f,2022-01-27 10:39:54.730798,98.14,2022-01-27 10:40:04.780505
51,3afbd049-f7c0-4b58-9f9d-4f3528a7067a,2022-01-27 10:41:27.896485,98.08,2022-01-27 10:41:37.946192
52,a4052d3e-0e07-4609-b731-3c13b6e2cfef,2022-01-27 10:43:01.056858,98.4,2022-01-27 10:43:11.106565
53,362938db-2585-4aba-94a7-9c2d2872db4f,2022-01-27 10:44:39.745728,98.39,2022-01-27 10:44:49.795435
54,743ad326-1011-4c3d-914f-bdf73b85d7bf,2022-01-27 10:46:17.265189,98.79,2022-01-27 10:46:27.314896
55,29a2b5d7-a20f-4dce-9dc1-fd14110762ed,2022-01-27 10:47:55.120842,98.36,2022-01-27 10:48:05.170549
56,c88486ea-bc48-4a47-97e0-24de43f32315,2022-01-27 10:49:33.204408,98.53,2022-01-27 10:49:43.254115
57,724e7be0-d212-4ab4-af60-f8147c5c03dc,2022-01-27 10:51:10.300153,98.64,2022-01-27 10:51:20.349860
58,0bf5adf0-faf0-4f71-be73-f2c372844a4e,2022-01-27 10:52:47.729676,98.59,2022-01-27 10:52:57.779383
59,9a74a6b8-38c7-49d7-b40b-9a2f0692c7bc,2022-01-27 10:54:25.699574,98.85,2022-01-27 10:54:35.749281
60,aa6c0ecf-7fbc-46a1-961a-7bb8b71c8205,2022-01-27 10:56:05.074852,100.0,2022-01-27 10:56:15.124559
61,a20ec038-7932-41bb-bcfa-d2ccfa30e553,2022-01-27 10:57:43.272592,98.82,2022-01-27 10:57:53.322299
62,9beabeaf-c33e-4ee5-a715-043053fbe856,2022-01-27 10:59:20.966312,98.89,2022-01-27 10:59:31.016019
63,024fe6dc-29cb-4da9-accc-d31ce0d38117,2022-01-27 11:00:58.079830,98.88,2022-01-27 11:01:08.129537
64,fb406211-adf6-4be2-aa47-37711cbd990d,2022-01-27 11:02:35.587353,98.93,2022-01-27 11:02:45.637060
65,0b213d4c-1e06-4e95-8ab1-ffc336d51b0c,2022-01-27 11:04:12.678970,96.71,2022-01-27 11:04:22.728677
66,d78af782-aef7-41f2-a397-85b78022faae,2022-01-27 11:05:50.003196,101.03,2022-01-27 11:06:00.052903
67,8862d8cd-410d-4640-8cc6-6d3b4013216a,2022-01-27 11:07:28.148305,98.91,2022-01-27 11:07:38.198012
68,6aa246cf-623c-44dd-a66c-3189998fe868,2022-01-27 11:09:06.143943,99.05,2022-01-27 11:09:16.193650
69,0eaa997c-8216-4d02-b21b-9678cfb95079,2022-01-27 11:10:43.973611,99.21,2022-01-27 11:10:54.023318
70,9f134d11-e0bc-474c-b4c7-c7f6b724d459,2022-01-27 11:12:21.805170,99.12,2022-01-27 11:12:31.854877
71,d3720596-f58a-4a6d-9a73-acd568e3bcfd,2022-01-27 11:13:59.310786,99.12,2022-01-27 11:14:09.360493
72,24d1b843-aeef-449c-8917-cea862ce8bfa,2022-01-27 14:20:55.780487,20.75,2022-01-27 14:21:05.830194
73,282d3e87-ee2d-4b1f-bf03-2efbb36ad53f,2022-01-27 14:23:57.551921,20.71,2022-01-27 14:24:07.601628
74,4a8cfc6b-9315-405b-820f-e82a427ed563,2022-01-27 14:28:15.829619,20.75,2022-01-27 14:28:25.879326
75,1f7d2da2-135a-4352-a2ce-2f18a6564a0c,2022-01-27 14:30:42.385958,20.68,2022-01-27 14:30:52.435665
76,059d30e5-aa67-418c-9726-cb81b94d68c4,2022-01-27 14:34:39.663944,20.67,2022-01-27 14:34:49.713651
77,f5ff4284-22b2-47ac-82c3-c1b0c7074b57,2022-01-27 14:36:45.902804,20.64,2022-01-27 14:36:55.952511
78,58e57f13-f040-4e71-8de2-9afc026881be,2022-01-27 14:38:54.781638,20.72,2022-01-27 14:39:04.831345
79,fb392a77-9a63-4819-8d50-5ae0a72244f3,2022-01-27 14:40:34.029156,20.66,2022-01-27 14:40:44.078863
80,cc171ea1-755f-452b-97bc-6bceae82ce17,2022-01-27 14:43:54.285086,20.7,2022-01-27 14:44:04.334793
81,13bb5261-00e5-4bfd-9366-aba16c8c2250,2022-01-27 14:45:29.442614,20.64,2022-01-27 14:45:39.492321
82,797d8f26-92aa-4d56-a82b-88ceb90108e4,2022-01-27 15:48:37.956860,20.56,2022-01-27 15:48:48.006567
83,8e8295e0-9e9b-40c0-b6f2-d132840f4fa4,2022-01-27 15:50:28.908083,23.51,2022-01-27 15:50:38.957790
84,3e230896-3687-4420-918f-f23360a9ae58,2022-01-27 15:52:21.671282,23.64,2022-01-27 15:52:31.720989
85,35d8da6d-3547-4e51-a4fc-6476f9622ca6,2022-01-27 15:54:01.114743,23.32,2022-01-27 15:54:11.164450
86,bdd017c1-b452-453b-b924-ac9509a39f3a,2022-01-31 09:39:06.856042,1.73,2022-01-31 09:39:16.905749
87,b2ee8ce1-7558-4e74-857b-1bf9d518329c,2022-01-31 09:40:46.798061,69.14,2022-01-31 09:40:56.847768
88,180a79df-046f-46b5-a561-609bceb3bed7,2022-01-31 09:47:45.057266,70.05,2022-01-31 09:47:55.106973
89,d5f72431-1548-4c12-99b3-b039a2d3b325,2022-01-31 09:50:21.791731,69.74,2022-01-31 09:50:31.841438
90,94557b60-9a94-4095-899e-21d40a407efb,2022-01-31 09:55:12.737310,70.82,2022-01-31 09:55:22.787017
91,9df9a681-9d14-44b3-a343-72f563f794ce,2022-01-31 09:57:19.864374,70.87,2022-01-31 09:57:29.914081
92,b15a0a9b-6ecd-41e4-83d4-fd35054584f2,2022-01-31 09:59:00.877943,105.81,2022-01-31 09:59:10.927650
93,916ad6f6-4baa-4ada-9bed-6a9c2803a00e,2022-01-31 10:02:19.479123,108.59,2022-01-31 10:02:29.528830
94,22c49e3d-e393-45f6-bc7b-8f36ef8b74dd,2022-01-31 10:04:01.278650,108.71,2022-01-31 10:04:11.328357
95,f71e9a93-ac0d-434f-a441-a9e596ea003b,2022-01-31 10:08:31.098173,107.85,2022-01-31 10:08:41.147880
96,fb47918b-2aa8-45ab-9aba-6272919166b4,2022-01-31 10:10:12.859781,109.35,2022-01-31 10:10:22.909488
97,06ae6402-73ec-4154-8565-64236e937506,2022-01-31 10:17:42.417362,107.78,2022-01-31 10:17:52.467069
98,a699ff6b-f8d1-4ef1-b5ae-74d34f85b4ff,2022-01-31 10:19:24.890947,108.78,2022-01-31 10:19:34.940654
99,f191ecbb-cb4c-4c83-ab8b-53ee264f21c8,2022-01-31 10:58:12.391428,106.89,2022-01-31 10:58:22.441135
100,fe4d6a9e-c0ed-471b-9e9f-8483cca080ee,2022-01-31 10:59:55.095019,96.59,2022-01-31 11:00:05.144726
101,b6259f7c-f4ce-4be2-b202-2972289e5720,2022-01-31 11:01:36.402748,88.13,2022-01-31 11:01:46.452455
102,25a6766f-c6e2-4b4d-a08c-126ba6737d09,2022-01-31 11:03:19.194413,80.85,2022-01-31 11:03:29.244120
103,fa83e068-9ece-45a5-ae5f-796bb7dc7fed,2022-01-31 11:05:01.278059,69.63,2022-01-31 11:05:11.327766
104,ad2e0464-2f29-4839-b135-f4d69444929c,2022-02-02 08:08:06.890310,18.15,2022-02-02 08:08:16.940017
105,1869b4eb-eaca-4e1b-87b5-620f5e7c65ad,2022-02-02 08:09:48.115984,18.15,2022-02-02 08:09:58.165691
106,3a232702-c678-47d8-ade7-88fbe993f1c0,2022-02-02 08:11:51.571089,18.15,2022-02-02 08:12:01.620796
107,69409260-ce10-4289-b447-9a52fe4ba0ad,2022-02-02 08:13:33.192646,18.15,2022-02-02 08:13:43.242353
108,b6775e64-f422-42fa-887d-814cf3d66275,2022-02-02 08:15:15.202293,18.15,2022-02-02 08:15:25.252000
109,d69d65b5-5f8c-45ed-b5d2-459018aede5e,2022-02-02 08:16:56.557887,18.15,2022-02-02 08:17:06.607594
110,716197de-7de1-48ea-92d8-b6ff9ec0e2cd,2022-02-02 08:18:39.423465,18.15,2022-02-02 08:18:49.473172
111,3369e1f4-5665-463f-ab53-5d997c438de2,2022-02-02 08:20:32.564758,18.15,2022-02-02 08:20:42.614465
112,9564cdfb-7793-4f96-9ea8-a7bcddc8e649,2022-02-02 08:22:14.956260,18.15,2022-02-02 08:22:25.005967
113,88999dce-15bb-4a59-a661-32f21a4a2ceb,2022-02-02 08:23:57.011839,18.15,2022-02-02 08:24:07.061546
114,09c4f064-71db-4ec9-b298-00a98cb40de0,2022-02-02 08:25:38.947359,18.15,2022-02-02 08:25:48.997066
115,66e77793-baca-4010-9926-371cbf47cc7b,2022-02-02 08:45:29.670275,0.0,2022-02-02 08:45:39.719982
116,a47ad5ec-e2ee-4124-9bfd-7f49cb895d55,2022-02-02 09:01:07.787324,31.42,2022-02-02 09:01:17.837031
117,1df60463-0345-467e-b941-bffb646bda96,2022-02-02 09:05:39.090550,25.06,2022-02-02 09:05:49.140257
118,6b148b3f-707b-49bd-bda4-006812d6857e,2022-02-02 09:13:31.483129,24.96,2022-02-02 09:13:41.532836
119,c4a6455c-2f93-4a09-b77d-564813052a34,2022-02-07 10:55:59.776446,0.0,2022-02-07 10:56:09.826153
120,f85df2e2-b12d-49c4-9ff5-ea67cb04c87b,2022-02-07 11:28:10.504406,20.44,2022-02-07 11:28:20.554113
121,c8cce0c9-e01e-4962-b30c-90b0a4e3683d,2022-02-07 11:30:57.886530,0.0,2022-02-07 11:31:07.936237
122,6761ad52-d426-4f65-b3bd-b71106aca9ea,2022-02-07 11:33:22.203154,0.0,2022-02-07 11:33:32.252861
123,34530a9f-28f7-4997-bf06-178996a8cbd8,2022-02-07 11:35:28.970157,0.0,2022-02-07 11:35:39.019864
124,c304de50-4cce-44d2-b168-03d779fd22c0,2022-02-07 11:36:26.732833,0.0,2022-02-07 11:36:36.782540
125,9f83920b-9538-47e9-90ec-9203ac7f516b,2022-02-07 11:43:25.652755,0.0,2022-02-07 11:43:35.702462
126,c9c28717-bff0-4b60-8420-418f7dbf68eb,2022-02-07 11:47:01.621353,20.07,2022-02-07 11:47:11.671060
127,4243ea90-5969-4dad-a45a-4fc9c981a544,2022-02-07 11:49:45.343603,20.14,2022-02-07 11:49:55.393310
128,26b642c1-ea67-45c5-b153-28d814ba123c,2022-02-14 09:53:30.032379,73.9,2022-02-14 09:53:40.082086
129,40464519-c9f0-4047-8ba6-1b8f6b016a72,2022-02-14 09:55:28.813911,73.81,2022-02-14 09:55:38.863618
130,6cbc85a4-6b7e-464d-b336-d11fada43763,2022-02-14 10:01:18.842658,75.23,2022-02-14 10:01:28.892365
131,87e63f6a-6daa-4952-920c-271acdd0418e,2022-02-14 10:03:23.588090,75.49,2022-02-14 10:03:33.637797
132,9470068a-e97e-4346-9d85-fcfe6e713c98,2022-02-14 10:05:05.151378,74.56,2022-02-14 10:05:15.201085
133,a1595482-db09-4f09-9dd7-15edb905e076,2022-02-14 10:06:46.712402,75.65,2022-02-14 10:06:56.762109
134,2ebf0c85-4d25-44b2-b710-c8987ff2fc41,2022-02-14 10:08:28.013269,75.16,2022-02-14 10:08:38.062976
135,471dcbf4-77f2-4ccd-ac0e-04de05279ef5,2022-02-23 09:03:37.034144,71.48,2022-02-23 09:03:47.083851
136,aad7760f-c1b6-4d11-b0ca-cc1696ebcd57,2022-02-23 09:07:11.504738,72.46,2022-02-23 09:07:21.554445
137,4a40faf8-15c9-4aec-a34d-e61ccc6c2b41,2022-02-23 09:11:01.766991,72.92,2022-02-23 09:11:11.816698
138,df2a745b-0d7a-41aa-aaa2-3cddde245bbb,2022-02-23 09:12:51.734249,73.26,2022-02-23 09:13:01.783956
139,d3672b03-6f57-4270-9c11-e8401aec769a,2022-02-23 09:14:55.811526,73.33,2022-02-23 09:15:05.861233
140,c8baa5c6-34f1-4cc3-86a3-ba05f3d9e2be,2022-02-23 13:38:03.324530,74.45,2022-02-23 13:38:13.374237
141,b7966642-4079-49e1-b024-3f5806d1ac52,2022-02-24 07:42:41.645796,52.19,2022-02-24 07:42:51.695503
142,ac7fe2da-e721-419c-8e7d-4723e18f7832,2022-02-24 07:43:51.875316,53.45,2022-02-24 07:44:01.925023
143,d726d7a9-8541-4e21-8540-dc789beb8a44,2022-02-24 07:46:57.568059,54.6,2022-02-24 07:47:07.617766
144,31e221d1-43eb-4bdb-a241-f640053caeac,2022-02-24 07:48:21.613488,0.0,2022-02-24 07:48:31.663195
145,4300fbbf-e7fc-47f2-a214-f3e1dce3ef6a,2022-02-24 07:53:36.587307,0.0,2022-02-24 07:53:46.637014
146,f4850b0b-7188-4bbf-bdf0-42f532267e46,2022-02-24 07:57:10.943828,57.42,2022-02-24 07:57:20.993535
147,a9887f00-b9c2-4eab-b3ad-4572ba30d2c8,2022-02-24 08:04:21.237803,57.6,2022-02-24 08:04:31.287510
148,4b2c09c8-9e88-4119-b827-8e9554f04324,2022-02-24 08:06:02.447248,57.27,2022-02-24 08:06:12.496955
149,753ada26-3133-4780-9219-3dd625aff71f,2022-02-24 13:12:47.001505,57.97,2022-02-24 13:12:57.051212
150,ede0b412-2a44-47f6-85a3-2f5526ff8b1a,2022-02-24 13:14:27.794836,58.25,2022-02-24 13:14:37.844543
151,0e26513d-426b-4db5-8ba3-3c6cf1d0e247,2022-02-24 13:18:09.549250,57.9,2022-02-24 13:18:19.598957
152,b91b5fda-8b76-416a-9465-2d2759d932ff,2022-02-24 13:19:50.216721,60.09,2022-02-24 13:20:00.266428
153,ee0bf39b-7633-47ef-9c00-1a90c418e5d4,2022-02-24 13:22:51.601254,58.39,2022-02-24 13:23:01.650961
154,222c098f-4108-4bda-a4cb-ae7ecd3c4a23,2022-02-24 13:25:20.800144,58.75,2022-02-24 13:25:30.849851
155,3e353c6b-5d64-494e-b74f-ed7e1d963150,2022-02-24 13:27:01.757303,58.75,2022-02-24 13:27:11.807010
156,29124729-53f5-41f9-974f-d77fa36c14bd,2022-02-24 13:28:43.124372,60.52,2022-02-24 13:28:53.174079
157,e41ca39e-f9a3-4c15-b7da-738b25a25f8b,2022-02-24 13:30:25.035637,60.52,2022-02-24 13:30:35.085344
158,1904f5fc-292a-4690-b4c4-c6dce35b6e7e,2022-02-24 13:32:30.842694,60.52,2022-02-24 13:32:40.892401
159,275b6bb0-bd9d-4265-a07c-96d43d5ed125,2022-02-24 13:34:11.751884,60.52,2022-02-24 13:34:21.801591
160,51add3fa-bb63-4bfd-a906-b6077c4617f1,2022-02-24 13:35:53.751150,60.52,2022-02-24 13:36:03.800857
161,0d853800-c19b-454c-af7e-b210cc3860d8,2022-03-01 14:07:58.202602,21.48,2022-03-01 14:08:08.252309
162,1a9a9378-8e16-4963-9408-272c34b6ba91,2022-03-01 14:16:49.674252,21.51,2022-03-01 14:16:59.723959
163,32692512-bc00-4b41-9f94-beb705b120ec,2022-03-01 14:24:26.729305,21.54,2022-03-01 14:24:36.779012
164,2e72f83c-a3a3-4b46-831c-5bfdd3e53217,2022-03-01 14:41:30.237085,21.67,2022-03-01 14:41:40.286792
165,e2f12a40-2e6d-49ea-a13f-c640f8b76fb7,2022-03-01 15:01:49.226541,0.0,2022-03-01 15:01:59.276248
166,8285cd17-04a4-4579-b510-9b68473e4cca,2022-03-01 15:09:06.810661,0.0,2022-03-01 15:09:16.860368
167,de07d8d7-13ca-4b1e-8eee-2346e6c2a872,2022-03-01 15:30:19.545560,0.0,2022-03-01 15:30:29.595267
168,ad150dc3-e6d0-4640-a777-fa3a3ecddad2,2022-03-01 15:33:33.055881,0.0,2022-03-01 15:33:43.105588
169,f44b388b-c661-48c7-9adb-8c9a7a24a08f,2022-03-01 15:45:42.866891,0.0,2022-03-01 15:45:52.916598
170,ddb892c2-68f3-44a2-8b30-4d965d4670e5,2022-03-01 16:00:12.328756,0.0,2022-03-01 16:00:22.378463
171,59f70327-a396-4c0d-b53b-002c7fe86733,2022-03-01 16:06:41.375301,0.0,2022-03-01 16:06:51.425008
172,17682420-3d93-4ca4-a455-c266218009b2,2022-03-01 16:10:03.827736,21.71,2022-03-01 16:10:13.877443
173,c0def778-b974-4e47-93ce-0356774f3846,2022-03-01 16:36:26.859467,21.71,2022-03-01 16:36:36.909174
174,08eb3567-a8a1-41e2-98a1-5fd0e5b6e52e,2022-03-01 16:43:23.905884,21.67,2022-03-01 16:43:33.955591
175,7c7a4c2d-30b8-40b4-bc21-86c7b267f605,2022-03-01 17:01:29.150810,21.54,2022-03-01 17:01:39.200517
176,3b139801-b784-4acc-8c92-a97718adf992,2022-03-01 17:04:04.127686,21.54,2022-03-01 17:04:14.177393
177,3f85d596-a7aa-4a00-8ffe-bb916c32314c,2022-03-01 17:14:05.442569,21.57,2022-03-01 17:14:15.492276
178,0e388c26-43eb-4e3b-9b88-caf6abbe6a94,2022-03-01 17:19:04.081991,21.58,2022-03-01 17:19:14.131698
179,8277f182-51b7-4f56-b5c5-5de0d315ed87,2022-03-01 17:21:39.986598,21.58,2022-03-01 17:21:50.036305
180,aefce24e-c776-47ee-8dd6-2cc1c3236661,2022-03-01 17:58:16.821637,21.58,2022-03-01 17:58:26.871344
181,0ab48351-f49c-4224-984c-ac9598c2199b,2022-03-03 12:47:43.923357,21.58,2022-03-03 12:47:53.973064
182,f15eee04-97c8-4c48-a6c0-2952d4740865,2022-03-03 12:58:45.678919,0.0,2022-03-03 12:58:55.728626
183,b2f3e354-3274-4385-8a96-31e32d3143f3,2022-03-03 13:03:56.474375,0.0,2022-03-03 13:04:06.524082
184,98dc88ac-5c49-43af-8a5b-75289ffb23ae,2022-03-03 13:13:38.764165,21.58,2022-03-03 13:13:48.813872
185,e37cc8f0-9330-4e41-adf0-dfeff8534d9a,2022-03-03 15:35:04.453093,21.58,2022-03-03 15:35:14.502800
186,96b160d6-397a-47d5-ba2d-3990fc31f156,2022-03-04 15:36:44.651242,0.0,2022-03-04 15:36:54.700949
187,db93cc9b-d114-4cfa-b463-2c45256b79f0,2022-03-04 15:38:21.215654,0.0,2022-03-04 15:38:31.265361
188,113d001e-1200-44f6-9919-c1c22c7e2692,2022-03-04 15:40:17.868540,0.0,2022-03-04 15:40:27.918247
189,e1144009-8275-4922-a38c-ce98150cde90,2022-03-04 15:42:20.873921,21.58,2022-03-04 15:42:30.923628
190,3f2afa75-27c6-4b33-8ad4-438076b48e81,2022-03-04 15:44:05.602487,21.58,2022-03-04 15:44:15.652194
191,126d6fec-aeac-4f0b-9c9b-f278c88f3177,2022-03-08 14:38:12.071342,55.01,2022-03-08 14:38:22.121049
192,12cf8112-45e7-4c08-a14f-a38fdf38dba9,2022-03-14 11:18:58.201056,21.35,2022-03-14 11:19:08.250763
193,98f9be76-045e-4e1c-b47a-8f82f0c9cb1c,2022-03-14 11:21:02.420300,21.35,2022-03-14 11:21:12.470007
194,15abf071-456a-4645-b204-9e0ba958ab70,2022-03-15 08:16:58.639426,21.35,2022-03-15 08:17:08.689133
195,108b1677-53ee-44f9-b1bf-93ec4bd8aee7,2022-03-15 08:24:17.304992,21.35,2022-03-15 08:24:27.354699
196,6fd19286-26da-4302-9014-7190d79ac632,2022-03-15 08:30:58.215194,21.35,2022-03-15 08:31:08.264901
197,66b469d2-1e7f-46f4-a212-8e54d6d35c6a,2022-03-15 08:44:27.440672,21.35,2022-03-15 08:44:37.490379
198,c2d88893-c25d-4f65-97a0-0a6cb4f19355,2022-03-15 08:47:27.637174,21.35,2022-03-15 08:47:37.686881
199,c50fa2ee-1b34-4bf9-8a0a-8877db94647c,2022-03-15 08:50:26.039635,21.35,2022-03-15 08:50:36.089342
200,77a52cc1-9ca8-4c03-a56e-6302f5f060e2,2022-03-15 08:55:15.549960,64.87,2022-03-15 08:55:25.599667
201,82d1b96a-e168-41e0-8d8d-02b48bf0e8e8,2022-03-15 08:56:57.732297,0.0,2022-03-15 08:57:07.782004
202,6616fab3-23cb-4892-8e85-9b4337f5c8e3,2022-03-15 08:59:08.297232,0.0,2022-03-15 08:59:18.346939
203,5a3d6cb9-cae7-4beb-8908-152038841ccb,2022-03-15 09:01:14.705054,0.0,2022-03-15 09:01:24.754761
204,6a06f308-f254-488c-840c-a293ead06986,2022-03-15 09:02:20.373880,0.0,2022-03-15 09:02:30.423587
205,e97256f5-4c93-427b-b2db-0d5ba9d6f146,2022-03-15 09:06:45.653757,0.0,2022-03-15 09:06:55.703464
206,6376a8da-693c-4b3f-a1d0-9f751ade8dcf,2022-03-15 09:12:08.765101,64.95,2022-03-15 09:12:18.814808
207,276a765b-ff2a-4f58-b5af-853345c378d2,2022-03-15 09:14:48.637840,63.46,2022-03-15 09:14:58.687547
208,87e669a6-2c63-4277-b1a5-6be705a39b3d,2022-03-15 09:16:28.360913,64.03,2022-03-15 09:16:38.410620
209,5b238f4f-abc6-4e50-9628-2275ee20526d,2022-03-15 09:18:40.975811,63.42,2022-03-15 09:18:51.025518
210,f65cbcf9-939e-4f30-9eac-90342399bceb,2022-03-15 09:20:21.104994,63.6,2022-03-15 09:20:31.154701
211,0aa3eec3-1145-4da4-b500-839f5aae82d9,2022-03-15 09:22:01.586179,63.58,2022-03-15 09:22:11.635886
212,d4423836-c999-4341-8533-4020bfcaf7d9,2022-03-15 09:24:27.330899,63.48,2022-03-15 09:24:37.380606
213,99ff0950-aef4-4e0a-bfaa-f39849d80c55,2022-03-15 09:26:07.774019,63.89,2022-03-15 09:26:17.823726
214,66926b14-771d-494a-970e-8623f9fe7b02,2022-03-15 09:28:16.162821,64.04,2022-03-15 09:28:26.212528
215,0672798b-5335-470c-9105-8f9fe1c155b9,2022-03-15 09:29:56.659877,0.0,2022-03-15 09:30:06.709584
216,833724d3-e55d-45db-979d-8106ef729099,2022-03-15 09:31:00.561293,64.37,2022-03-15 09:31:10.611000
217,a55f559a-0eea-46ee-b003-2998b80c175c,2022-03-15 09:32:17.732564,64.0,2022-03-15 09:32:27.782271
218,a0170605-ab65-416a-b591-d8f4a23dc5ed,2022-03-15 09:33:57.701711,64.04,2022-03-15 09:34:07.751418
219,3bbd506b-7f97-4360-b984-ed686c456fe6,2022-03-15 09:35:38.064625,65.07,2022-03-15 09:35:48.114332
220,2f82f460-a6ce-4744-8bc1-51d9b504e420,2022-03-15 09:37:18.625764,63.71,2022-03-15 09:37:28.675471
221,228e0c0d-c723-4141-8b6f-deffb3dc697f,2022-03-15 09:40:07.505908,64.34,2022-03-15 09:40:17.555615
222,dafa7e9c-fc49-48f6-bb87-85fe43714d12,2022-03-15 09:42:57.250441,64.46,2022-03-15 09:43:07.300148
223,be24af01-3177-4b8f-aab5-a23ccb151f10,2022-03-15 09:44:37.089552,64.69,2022-03-15 09:44:47.139259
224,27855e4a-8600-4583-ab27-ea94e9c9fca7,2022-03-15 09:47:22.492133,64.64,2022-03-15 09:47:32.541840
225,d25fa695-b7e1-464b-b1dc-d1991831112f,2022-03-15 09:49:03.131219,63.88,2022-03-15 09:49:13.180926
226,1ebc8f90-a886-4582-9e26-3d6718f37e9e,2022-03-15 09:52:17.421698,64.2,2022-03-15 09:52:27.471405
227,08dd96ce-b9b8-4ad2-abd2-16b908341cf3,2022-03-15 09:53:57.964892,64.1,2022-03-15 09:54:08.014599
228,fa38fbf0-d2e7-4945-9b17-0359a102ccbc,2022-03-15 09:55:38.264036,63.58,2022-03-15 09:55:48.313743
229,2989c520-2e17-48f7-9cb4-b403419a2ec8,2022-03-15 09:57:17.753203,64.17,2022-03-15 09:57:27.802910
230,abc96cca-3fda-4f8c-b069-101651e8a4b2,2022-03-15 09:59:43.769870,64.49,2022-03-15 09:59:53.819577
231,f8970959-61a6-45cf-a9ba-55240fdcc957,2022-03-15 10:01:24.263008,64.23,2022-03-15 10:01:34.312715
232,b0361a95-4e4e-4bfe-a2ec-d1f78a5314d8,2022-03-15 10:04:43.273075,63.58,2022-03-15 10:04:53.322782
233,b9541b79-63ba-431e-80f7-58d1ef2a07c4,2022-03-15 10:06:23.770270,65.57,2022-03-15 10:06:33.819977
234,3de6a6cc-11b4-45d2-b8f3-99966696e396,2022-03-15 10:08:28.427180,64.83,2022-03-15 10:08:38.476887
235,f468cb25-8d4d-4bdb-96e8-b9150c35c5c5,2022-03-15 10:10:16.640391,64.6,2022-03-15 10:10:26.690098
236,ec42982b-4bc7-4465-adc9-029912a97106,2022-03-15 10:11:56.561674,64.0,2022-03-15 10:12:06.611381
237,97cd7d81-d2bc-47cd-9842-deed687fcd19,2022-03-15 10:13:36.680861,63.82,2022-03-15 10:13:46.730568
238,024f6026-82ee-424c-817c-7cc0d1a00ad2,2022-03-15 10:15:16.680034,63.43,2022-03-15 10:15:26.729741
239,ce0ef801-fc2d-42f3-b899-ad7e97fe3ac8,2022-03-15 10:20:38.195421,63.78,2022-03-15 10:20:48.245128
240,e7826be3-79ba-4a13-ac19-fd17c743e7e8,2022-03-15 10:23:47.707786,64.78,2022-03-15 10:23:57.757493
241,46c26878-da45-4185-bb23-1ea1e73d6b26,2022-03-15 10:25:27.408976,0.0,2022-03-15 10:25:37.458683
242,ce7c47cc-5a8a-47ec-94b9-980ab93da470,2022-03-15 10:28:01.181646,64.27,2022-03-15 10:28:11.231353
243,7878e135-c638-48c8-afbe-a76c64dec9ad,2022-03-15 10:29:41.248840,63.87,2022-03-15 10:29:51.298547
244,ac93e743-ba09-4f4a-b6c9-bd753911a07b,2022-03-15 10:32:01.439800,63.2,2022-03-15 10:32:11.489507
245,e23bc378-b884-42e3-9d6b-24fddc7d756b,2022-03-15 10:33:42.194767,63.34,2022-03-15 10:33:52.244474
246,71fa2e56-c9a3-410c-af32-e8724b2f9ac9,2022-03-15 10:35:22.611911,63.34,2022-03-15 10:35:32.661618
247,09da67e0-9751-4415-ac10-071f84250b9d,2022-03-15 10:37:03.149000,63.34,2022-03-15 10:37:13.198707
248,c59a6067-c84d-410b-8dd4-38a7252ce032,2022-03-15 10:38:43.512167,63.34,2022-03-15 10:38:53.561874
249,a11c5604-96d8-4532-9cd0-ad2316448780,2022-03-15 10:40:23.957257,63.34,2022-03-15 10:40:34.006964
250,7aa658ae-312a-4591-bad6-a3dcae331d81,2022-03-15 10:43:12.019708,63.34,2022-03-15 10:43:22.069415
251,7c6e1899-5a1d-4e3a-823f-ade79a18b62d,2022-03-15 10:44:52.382718,63.34,2022-03-15 10:45:02.432425
252,11194907-29c0-4a29-826a-8be496645729,2022-03-15 10:47:33.603078,63.34,2022-03-15 10:47:43.652785
253,32f61413-66c2-4d22-8223-7ffe4faf684c,2022-03-15 10:49:14.046009,63.34,2022-03-15 10:49:24.095716
254,1a7b73e2-d325-45d2-bfbe-33101d204e33,2022-03-15 10:50:54.211070,63.34,2022-03-15 10:51:04.260777
255,25703ca1-2e8e-4e21-88dd-8de9d8c7c54c,2022-03-15 10:52:34.370223,63.34,2022-03-15 10:52:44.419930
256,8a954ea5-96f1-4c50-90df-162070ae57ab,2022-03-15 10:54:39.051022,63.34,2022-03-15 10:54:49.100729
257,d72653a8-ec06-4ed8-8d5e-e5d94e501363,2022-03-15 10:56:19.428133,63.34,2022-03-15 10:56:29.477840
258,bf56d735-5527-4e5c-a5f0-b95ba8742d4f,2022-03-15 10:58:18.024927,63.34,2022-03-15 10:58:28.074634
259,63b5390a-5e6e-4527-ae56-97c766ee3829,2022-03-15 11:00:13.021801,63.34,2022-03-15 11:00:23.071508
260,b6aa10ab-342b-4eb9-a9b1-fefbc2879173,2022-03-15 11:01:53.170924,63.34,2022-03-15 11:02:03.220631
261,d27e71f1-0310-4a10-9439-60526dbc5ff0,2022-03-15 11:03:33.886110,63.34,2022-03-15 11:03:43.935817
262,7ca69255-14dd-4de1-b46f-8a67a058f104,2022-03-15 11:05:14.955257,63.34,2022-03-15 11:05:25.004964
263,69b12aa2-f78e-40dc-a495-dc1ac03900f4,2022-03-15 11:07:13.160276,63.34,2022-03-15 11:07:23.209983
264,6f41c11b-1efb-4f73-b676-f2f1fec746ce,2022-03-15 11:08:53.031539,0.0,2022-03-15 11:09:03.081246
265,36e7b95c-6f77-4a31-bbbe-c6f188d94620,2022-03-15 11:10:04.934877,63.34,2022-03-15 11:10:14.984584
266,64d1b00d-9da2-4c99-8afd-b6b71dd40faa,2022-03-15 11:12:34.239761,63.34,2022-03-15 11:12:44.289468
267,f26fb8a3-525d-4e09-9de3-06a95644ecbb,2022-03-15 11:14:14.722970,63.34,2022-03-15 11:14:24.772677
268,61ee2290-2921-447c-8164-1dc5b5d844ae,2022-03-15 11:15:55.574041,63.34,2022-03-15 11:16:05.623748
269,bd20a5a2-f16e-4866-bec6-279bcfc80b7e,2022-03-15 11:18:01.045031,63.34,2022-03-15 11:18:11.094738
270,3bc5f155-10b9-4c98-8b3e-34dd0410e03e,2022-03-15 11:20:19.481863,63.34,2022-03-15 11:20:29.531570
271,436170f8-7963-4e18-af8b-3891d4b9bc59,2022-03-15 11:22:00.150089,63.34,2022-03-15 11:22:10.199796
272,e23dc417-8daa-4dfe-8b3c-024762504c86,2022-03-15 11:23:40.584457,63.34,2022-03-15 11:23:50.634164
273,86b78219-a2f3-4cdf-b506-c101e0d69245,2022-03-15 11:25:20.907648,63.34,2022-03-15 11:25:30.957355
274,a20dfeea-ae8b-4200-806f-a6cafd944206,2022-03-15 11:27:01.778709,63.34,2022-03-15 11:27:11.828416
275,3732d335-096f-4d56-913d-8cbd6371e039,2022-03-15 11:28:42.257940,63.34,2022-03-15 11:28:52.307647
276,ff8dd08b-c136-4189-9f0e-85b0e94d1ec1,2022-03-15 11:31:19.740490,63.34,2022-03-15 11:31:29.790197
277,283972a9-0887-4ce4-8705-2784c3886f5b,2022-03-15 11:33:00.333557,63.34,2022-03-15 11:33:10.383264
278,1e9f390e-4fe6-447f-b01a-85b882730a9a,2022-03-15 11:34:40.828699,63.34,2022-03-15 11:34:50.878406
279,1640f8f8-b357-4cc1-96e5-df41ee9ee907,2022-03-15 11:36:45.935453,63.34,2022-03-15 11:36:55.985160
280,c91e8f9e-721d-4b52-b631-bed6501adba3,2022-03-15 11:38:26.256513,63.34,2022-03-15 11:38:36.306220
281,e087b7fb-11c2-4719-9fff-dd8417de5d25,2022-03-15 11:40:06.631570,63.34,2022-03-15 11:40:16.681277
282,5099849b-a4b1-4823-8cab-cfdbadac3ebc,2022-03-15 11:41:46.990572,63.34,2022-03-15 11:41:57.040279
283,fc75fa8c-2535-459a-aea7-cc79d456507d,2022-03-15 11:48:17.138856,63.34,2022-03-15 11:48:27.188563
284,9df2bda8-94ba-45e6-9975-477a7b29bdc7,2022-03-15 11:49:57.695960,63.34,2022-03-15 11:50:07.745667
285,80044d3b-6aae-42bb-aca3-529ea4bd1479,2022-03-15 11:51:38.394930,63.34,2022-03-15 11:51:48.444637
286,1ee63d0d-0014-44dd-87c3-36bd67b2d60c,2022-03-15 11:53:38.779835,63.34,2022-03-15 11:53:48.829542
287,93526455-2a08-4fa5-a5e6-86a7e620fd41,2022-03-15 11:55:19.476873,63.34,2022-03-15 11:55:29.526580
288,9b420eae-b829-4006-aaf6-bd284910544d,2022-03-15 11:57:00.020003,63.34,2022-03-15 11:57:10.069710
289,7e1f17ad-8284-4eb2-8204-2d95efbcbd9f,2022-03-15 14:16:20.201313,0.0,2022-03-15 14:16:30.251020
290,a93ac858-7421-4974-9283-6825ca8dd8f1,2022-03-15 14:17:04.694941,63.34,2022-03-15 14:17:14.744648
291,befcf363-320b-44e9-876c-b8c58ceafe1f,2022-03-15 14:19:00.225985,63.34,2022-03-15 14:19:10.275692
292,36b75843-5333-4dfa-af32-a3027119f95b,2022-03-15 14:20:42.407280,63.34,2022-03-15 14:20:52.456987
293,638f9a7d-20ee-4834-9a1b-8c186ffafc08,2022-03-15 14:22:24.822383,63.34,2022-03-15 14:22:34.872090
294,b1ef4fbd-0fb1-4cc6-a4af-16a101a56cd7,2022-03-15 14:24:07.091655,63.34,2022-03-15 14:24:17.141362
295,19230fd2-dc7b-47dd-81dd-82eb2cc64cf2,2022-03-15 14:25:49.406702,63.34,2022-03-15 14:25:59.456409
296,c7a0b633-a846-473a-a7b3-65775c9bc37e,2022-03-15 14:27:31.625872,63.34,2022-03-15 14:27:41.675579
297,887968ca-288b-4a2c-b73e-3eb48b70cbed,2022-03-15 14:29:13.620984,63.34,2022-03-15 14:29:23.670691
298,d00dc2f5-50a3-405f-b7e9-a1cdc1c2a94a,2022-03-15 14:30:55.776227,63.34,2022-03-15 14:31:05.825934
299,a9a4beb5-9bec-4f42-98bf-4a894cdf75cf,2022-03-15 14:32:37.751290,63.34,2022-03-15 14:32:47.800997
300,ab0ec6fa-1b4e-4c89-984c-dc2c87c783df,2022-03-15 14:34:19.326385,63.34,2022-03-15 14:34:29.376092
301,fc4aeb51-123b-43f1-a17e-7c4be3fe98dd,2022-03-15 14:36:00.921522,63.34,2022-03-15 14:36:10.971229
302,1cca0e60-7740-4022-92f4-4b68a9cd41bb,2022-03-15 14:37:42.008610,63.34,2022-03-15 14:37:52.058317
303,8911509b-5694-45f7-9029-bf4738ca5a17,2022-03-15 14:39:24.417783,63.34,2022-03-15 14:39:34.467490
304,097649e0-b15b-467f-b4c9-f751b999c9c8,2022-03-15 14:41:06.520892,63.34,2022-03-15 14:41:16.570599
305,5d3ba628-ca97-41fe-80de-069556ce03f8,2022-03-15 14:42:48.464114,63.34,2022-03-15 14:42:58.513821
306,5493303f-b770-4a79-bb52-5070849713bb,2022-03-15 14:44:30.563398,63.34,2022-03-15 14:44:40.613105
307,123a54c2-cb50-4c4c-90f2-58b3445c5463,2022-03-15 14:46:12.884537,63.34,2022-03-15 14:46:22.934244
308,b455ccaf-3f51-44b9-8cf5-692cd94d8281,2022-03-15 14:56:40.921469,0.0,2022-03-15 14:56:50.971176
309,afe522c5-5a44-4b32-b400-33a6c055369f,2022-03-15 14:57:58.770833,63.34,2022-03-15 14:58:08.820540
310,e145409f-2626-4ae9-a4bd-3a03b04dca14,2022-03-15 14:59:40.564255,63.34,2022-03-15 14:59:50.613962
311,466f8952-61b9-40f7-b70f-8ebd91a6b9df,2022-03-15 15:01:22.509463,63.34,2022-03-15 15:01:32.559170
312,8588e2cb-c89d-4816-bf70-f1601aa248da,2022-03-15 15:03:23.936586,63.34,2022-03-15 15:03:33.986293
313,c4e238fa-77d6-4731-9f5e-42fff9d5b77d,2022-03-15 15:05:05.977839,63.34,2022-03-15 15:05:16.027546
314,c5785327-9ead-475a-9516-f654dbc731c1,2022-03-15 15:06:48.069138,63.34,2022-03-15 15:06:58.118845
315,da80e7e4-4aa1-4544-81d6-d73fd14ef236,2022-03-15 15:08:30.686421,63.34,2022-03-15 15:08:40.736128
316,716630c5-7588-4d39-8d66-1c9d4086cc76,2022-03-15 15:10:38.109401,63.34,2022-03-15 15:10:48.159108
317,3bc48182-5409-47f2-9282-af114291f40b,2022-03-15 15:13:09.782302,63.34,2022-03-15 15:13:19.832009
318,5affdacb-d6bd-4361-9216-13924de4b88b,2022-03-15 15:14:51.189645,63.34,2022-03-15 15:15:01.239352
319,8afd02bc-9b53-452d-b1fd-0336533f5338,2022-03-15 15:16:32.344623,63.34,2022-03-15 15:16:42.394330
320,39cfd878-a9d8-4b73-8cb6-f3c662c95a31,2022-03-15 15:18:39.163394,63.34,2022-03-15 15:18:49.213101
321,5c698464-bae5-4a7c-ae11-bf80dbf45e65,2022-03-15 15:20:22.250523,63.34,2022-03-15 15:20:32.300230
322,d3e30566-06ad-46ce-9aaa-5dccafd19860,2022-03-15 15:22:10.839462,63.34,2022-03-15 15:22:20.889169
323,a0f2e995-2ff5-47a0-a7fb-2a2c55d82ada,2022-03-15 15:23:51.624720,63.34,2022-03-15 15:24:01.674427
324,0e14cc43-0431-473e-9e7f-00491d5a3519,2022-03-15 15:25:32.871830,63.34,2022-03-15 15:25:42.921537
325,85367c88-be60-40b3-8596-f531509b330c,2022-03-15 15:27:37.616939,63.34,2022-03-15 15:27:47.666646
326,9ca3cfbf-2f5d-47ef-92cd-7c07be0463c5,2022-03-15 15:28:48.656346,63.34,2022-03-15 15:28:58.706053
327,72074fe4-4a1e-4673-abad-25857fca4ecd,2022-03-15 15:30:30.043559,63.34,2022-03-15 15:30:40.093266
328,f6e3eec3-4e00-4f65-b431-8690f2bf6b1e,2022-03-15 15:32:10.582811,63.34,2022-03-15 15:32:20.632518
329,37ae2df0-ec73-4090-b274-2997eda64d88,2022-03-15 15:34:15.237845,63.34,2022-03-15 15:34:25.287552
330,1d278e33-9e78-43bf-86b9-70df34b4e761,2022-03-15 15:35:55.451091,63.34,2022-03-15 15:36:05.500798
331,f48ff6f8-47a0-4625-96d7-33e1db1042e5,2022-03-15 15:37:59.772110,63.34,2022-03-15 15:38:09.821817
332,c1d220c4-45ae-477a-a813-8587ba924247,2022-03-15 15:39:40.671346,63.34,2022-03-15 15:39:50.721053
333,f3718da1-175e-45c7-ac62-71cea9c62265,2022-03-15 15:41:21.156574,63.34,2022-03-15 15:41:31.206281
334,7f826cf1-f494-4a66-8d5d-8bb656da1656,2022-03-15 15:43:40.163449,63.34,2022-03-15 15:43:50.213156
335,efa760eb-aa1d-4a6c-9c49-68b714e70f8f,2022-03-15 15:45:20.434702,63.34,2022-03-15 15:45:30.484409
336,79b0dbcf-d9dc-4542-87da-ee11983a3875,2022-03-15 15:47:00.623964,63.34,2022-03-15 15:47:10.673671
337,d643a692-a4b7-41b7-becf-2c354b7e7cd6,2022-03-15 15:48:41.153193,63.34,2022-03-15 15:48:51.202900
338,6633e858-b07a-4331-9e63-90968c7f8976,2022-03-15 15:50:38.200229,63.34,2022-03-15 15:50:48.249936
339,5cfefc29-69b6-4c5f-b7cb-b2b215588277,2022-03-15 15:52:19.183480,63.34,2022-03-15 15:52:29.233187
340,c594788c-700e-4267-8fd0-519a7ca0e2b3,2022-03-15 15:53:59.834662,63.34,2022-03-15 15:54:09.884369
341,e2a439ae-ff8a-4585-a99b-800cf7673d65,2022-03-15 15:55:54.219757,63.34,2022-03-15 15:56:04.269464
342,42d002a0-08d6-4574-b1d6-58b3158096c0,2022-03-15 15:57:34.203027,63.34,2022-03-15 15:57:44.252734
343,d746d64c-abc0-4ad9-8f5e-bf7bfda6cd8f,2022-03-15 15:59:38.750099,63.34,2022-03-15 15:59:48.799806
344,ce715847-dc80-4b75-9588-68c489875578,2022-03-15 16:01:48.967130,63.34,2022-03-15 16:01:59.016837
345,448938f7-377f-475d-b0f5-a69ece93234c,2022-03-15 16:04:11.300004,63.34,2022-03-15 16:04:21.349711
346,ce567de3-19fb-4f26-89a2-11a9a1cc1dcb,2022-03-15 16:06:33.305050,63.34,2022-03-15 16:06:43.354757
347,d09ee3f8-e9da-4a68-a7cc-cd1b0d4ec0b1,2022-03-15 16:08:56.003709,63.34,2022-03-15 16:09:06.053416
348,1d2a6d96-233b-48bc-b234-aa036662039a,2022-03-15 16:11:18.792970,63.34,2022-03-15 16:11:28.842677
349,577e1742-2004-4c63-b310-27b1affbb4f3,2022-03-15 16:13:40.236043,63.34,2022-03-15 16:13:50.285750
350,c16b5e17-19d9-4c6b-95c6-7411f321a140,2022-03-15 16:17:15.844380,63.34,2022-03-15 16:17:25.894087
351,7ddf1644-4a2d-4a38-a8ab-13229cf69b62,2022-03-15 16:19:38.415080,63.34,2022-03-15 16:19:48.464787
352,e9c0fb17-70d2-444a-8729-1963e631a799,2022-03-15 16:22:00.458255,63.34,2022-03-15 16:22:10.507962
353,7693b569-bd28-443a-9b6c-354a02604a46,2022-03-15 16:24:23.129314,63.34,2022-03-15 16:24:33.179021
354,57fd736f-3be2-4ab7-9af7-c6c9c6b626cb,2022-03-15 16:26:45.698401,63.34,2022-03-15 16:26:55.748108
355,2daf217b-f87c-4de6-b291-01252dc555dd,2022-03-15 16:29:07.497410,63.34,2022-03-15 16:29:17.547117
356,ec162a92-e937-4f61-a6e8-704d68f4bbfa,2022-03-15 16:37:10.712023,63.34,2022-03-15 16:37:20.761730
357,e620d5a0-cf53-48a5-ae07-af9ff65d5d9c,2022-03-15 16:39:33.113035,63.34,2022-03-15 16:39:43.162742
358,94c58c36-846e-4341-a62b-53b36d543c7c,2022-03-15 16:41:55.524017,63.34,2022-03-15 16:42:05.573724
359,0528f25f-da0d-4686-961e-1b3b63b1f4ef,2022-03-15 16:44:17.546942,63.34,2022-03-15 16:44:27.596649
360,7bebe0be-1746-4443-a3b5-d0c4f260078f,2022-03-15 16:47:15.635661,63.34,2022-03-15 16:47:25.685368
361,64256b7f-e067-4d9b-a278-3b4d7cfa314e,2022-03-15 16:51:52.207609,63.34,2022-03-15 16:52:02.257316
362,215e698d-866a-401d-870e-60e446deccc3,2022-03-15 16:53:32.918891,63.34,2022-03-15 16:53:42.968598
363,65a8bf1a-7140-4b24-be7c-a36a7a2db5ba,2022-03-15 16:55:59.055683,63.34,2022-03-15 16:56:09.105390
364,29f0adb1-671e-4aba-9ef6-0b0ece756f42,2022-03-15 16:59:35.366293,63.34,2022-03-15 16:59:45.416000
365,04ce4665-2c50-43c0-92f3-5ab49c31f412,2022-03-16 12:34:15.936018,63.34,2022-03-16 12:34:25.985725
366,f1cd07e0-ee86-4897-9d36-71f7ca3c3f4a,2022-03-16 12:41:15.758299,63.34,2022-03-16 12:41:25.808006
367,58fd5d94-1082-44e8-9090-ff004153ef12,2022-03-16 12:43:14.099722,63.34,2022-03-16 12:43:24.149429
368,d20d76cf-e3d9-48ad-8a76-f8c2a0bf5ad8,2022-03-16 12:57:59.869630,63.34,2022-03-16 12:58:09.919337
369,5239d8aa-ae9f-4a2c-b298-ec9e4026d82f,2022-04-27 09:35:44.417608,-1025.99,2022-04-27 09:35:54.467315
370,eb006f7e-35b0-4bdf-8e24-e5965e03c454,2022-05-03 15:34:34.789055,-1025.99,2022-05-03 15:34:44.838762
371,c24732b2-a760-4315-b29d-b3ca44affb26,2022-05-04 08:04:37.435108,-1025.99,2022-05-04 08:04:47.484815
372,c8765708-10aa-45ba-bb2c-a3c171bbcaff,2022-05-12 19:11:59.483746,-1025.99,2022-05-12 19:12:09.533453
373,aa0d9200-5c90-4d3d-adb4-27045c6855c9,2022-06-02 09:05:36.681542,-1025.99,2022-06-02 09:05:46.777980
374,08537450-510f-4b99-b552-49d263e6f611,2022-06-02 09:10:36.891143,-1025.99,2022-06-02 09:10:46.941441
375,3f86f547-5489-45cc-b4f1-e3735b34c40e,2022-06-02 09:12:14.830009,-1025.99,2022-06-02 09:12:24.885306
376,fa720546-75dd-4af3-a680-023884a45edc,2022-06-02 09:14:44.818175,-1025.99,2022-06-02 09:14:54.880311
377,2fca757b-9977-4600-a519-fe15a061d5ea,2022-06-02 09:16:22.771024,-1025.99,2022-06-02 09:16:32.802121
