,uuid,timestamp_start,env_temperature,env_humidity,env_iaq_index,env_pressure
0,54f145d2-e871-4bb9-8f9f-ee72e2ced9cd,2022-01-27 09:15:54.499085,20.89,28.28,92,1006.69
1,a3ec2e1f-fa73-4c7c-9b2b-76c11e607ded,2022-01-27 09:17:32.314592,20.92,28.28,92,1006.72
2,3fad8ca6-c3f5-4646-8d13-4d12c23bce4b,2022-01-27 09:19:40.265449,20.95,28.12,89,1006.71
3,c047f085-5295-487c-983b-822973db31d8,2022-01-27 09:21:17.686957,20.96,28.13,88,1006.71
4,d635cbe2-f5dc-4bc2-af97-b7dfb4f52dbc,2022-01-27 09:22:55.582707,21.0,28.08,88,1006.69
5,9353e595-3e50-4b7f-a837-3179e90bc280,2022-01-27 09:24:32.688262,21.02,28.04,87,1006.67
6,2c00d197-8706-4f91-b693-d69ca3453282,2022-01-27 09:26:11.143925,21.04,28.03,87,1006.71
7,127a427b-c41b-4d80-912c-a8071ec1d62e,2022-01-27 09:27:49.007542,21.07,28.03,85,1006.72
8,5d92230e-1a76-45f9-a999-e21f7bc46cb4,2022-01-27 09:29:48.274557,21.12,27.95,82,1006.7
9,a8a6bf06-2160-4aed-8bf4-51b2c3452a0b,2022-01-27 09:31:50.365690,21.16,27.89,80,1006.66
10,1fd97a4f-52b5-44b1-99ca-bbd1265a38f6,2022-01-27 09:33:27.567275,21.2,27.79,78,1006.66
11,0baf0a82-b664-49a6-b761-f6d92d635773,2022-01-27 09:35:05.712931,21.25,27.68,76,1006.67
12,1757b9d1-20c2-43c3-8d29-1cbe1fdf413b,2022-01-27 09:36:43.234618,21.29,27.62,75,1006.64
13,0eae743f-d431-4c83-b376-692607138147,2022-01-27 09:38:33.228034,21.31,27.56,75,1006.6
14,ae09f33c-dd60-4295-901a-06d6515f9a09,2022-01-27 09:40:10.703645,21.34,27.57,75,1006.55
15,18b87675-a09b-4ebb-b21b-87128e5d0fc0,2022-01-27 09:41:48.417452,21.35,27.51,75,1006.54
16,8b8c606e-a5fb-4e4f-872d-0747b03a335f,2022-01-27 09:43:26.271125,21.35,27.54,75,1006.58
17,db81600b-0ccf-46eb-a808-cf99aa061515,2022-01-27 09:45:04.332707,21.38,27.47,74,1006.58
18,2b93a06a-e418-4876-aa32-1ba995d97ee1,2022-01-27 09:46:41.716386,21.4,27.43,73,1006.58
19,dd2dcb65-a7f3-496d-908c-16615c46486e,2022-01-27 09:48:18.966118,21.43,27.36,72,1006.58
20,892fc4ca-343d-47e8-b959-f9857ee1419c,2022-01-27 09:49:56.599704,21.46,27.34,72,1006.56
21,fecffa35-bfde-416c-9a80-5572d98f8d64,2022-01-27 09:52:21.028246,21.52,27.3,69,1006.58
22,6be3028e-4393-4095-a662-5d849a9798fb,2022-01-27 09:53:58.977914,21.56,27.29,69,1006.58
23,71e6fdb9-cf48-4d7c-86ff-2a35fe47570b,2022-01-27 09:55:36.345530,21.6,27.21,66,1006.58
24,b222d96e-cd2e-4e8a-8e06-41e04ce2df27,2022-01-27 09:57:13.655254,21.68,27.08,65,1006.62
25,8c45a87c-5508-4585-85f4-201d5266d554,2022-01-27 09:58:51.360720,21.69,27.04,65,1006.66
26,1fc9cdb0-5804-4f9a-a462-f708627fe584,2022-01-27 10:00:28.914331,21.71,27.04,65,1006.63
27,ae43247e-7159-404f-af1d-6e16c3b77605,2022-01-27 10:02:06.695947,21.77,26.99,63,1006.65
28,0de65557-2208-4796-b402-de70de0e0f30,2022-01-27 10:04:06.394998,21.8,26.92,63,1006.65
29,b07c18e8-c3e2-48a2-8aac-769a2260bb6d,2022-01-27 10:05:43.788615,21.8,26.91,63,1006.66
30,a497a745-69a8-4cf5-8756-6bac289cb08b,2022-01-27 10:07:21.442387,21.83,26.85,63,1006.66
31,875d63cf-1926-42cb-bcc2-7605a41b5e27,2022-01-27 10:08:58.736067,21.84,26.8,63,1006.67
32,10a5fc4e-4b1d-489b-b735-cf606b629d51,2022-01-27 10:10:36.695728,21.87,26.75,63,1006.67
33,5da8e8e2-8a24-4452-ae1b-51b04deaf813,2022-01-27 10:12:13.791454,21.89,26.75,63,1006.67
34,14d5510b-7ee0-4cb2-8c22-39ec168780f3,2022-01-27 10:13:50.729204,21.91,26.71,63,1006.66
35,c12c6879-3bd1-4fc6-9ba0-3303d6e6a029,2022-01-27 10:15:28.444981,21.95,26.67,63,1006.66
36,95fed411-0495-4dac-99a9-4620995fd101,2022-01-27 10:17:06.026661,21.98,26.61,62,1006.64
37,5fa59a1b-4b74-4730-8be0-413e0b2ed066,2022-01-27 10:18:43.486335,21.99,26.53,61,1006.62
38,6c518ada-d8c0-479b-9581-f38fb455122c,2022-01-27 10:20:21.227929,21.98,26.58,60,1006.61
39,9de4e943-66b8-4d80-90f8-6b52520d45c3,2022-01-27 10:21:59.087334,22.02,26.64,60,1006.65
40,d7aeea8c-a1e0-4059-abb8-b674370c579e,2022-01-27 10:23:37.535081,22.05,26.52,59,1006.66
41,8cddde73-9066-4390-bbfe-8877c83d4715,2022-01-27 10:25:14.582678,22.08,26.46,58,1006.7
42,e0d47802-02e2-4158-a491-58ea31c9c554,2022-01-27 10:26:52.882255,22.1,26.47,59,1006.68
43,de1dd96e-bc24-47c5-abd7-f1eb8851e8ca,2022-01-27 10:28:30.221774,22.14,26.46,58,1006.64
44,bc66f466-1123-475b-9981-41ee31c1deea,2022-01-27 10:30:07.779391,22.17,26.36,55,1006.67
45,4d06decd-d964-4234-9cd6-c75803f918d3,2022-01-27 10:31:46.632955,22.19,26.35,55,1006.64
46,dd3ecd76-e98e-49df-a309-f381f6ea2b76,2022-01-27 10:33:24.186840,22.22,26.22,54,1006.61
47,9655053e-62bc-43d9-8925-5d7671f9de21,2022-01-27 10:35:13.907833,22.23,26.22,55,1006.59
48,4954525e-aee3-4b14-9505-fd2539087755,2022-01-27 10:36:47.073569,22.25,26.3,55,1006.65
49,7521bc94-a3b0-4065-a2c6-36c19081ea55,2022-01-27 10:38:14.313299,22.26,26.45,55,1006.68
50,638e811e-c911-41e9-9978-7875834e681f,2022-01-27 10:39:47.478886,22.26,26.44,54,1006.67
51,3afbd049-f7c0-4b58-9f9d-4f3528a7067a,2022-01-27 10:41:20.644573,22.23,26.51,54,1006.67
52,a4052d3e-0e07-4609-b731-3c13b6e2cfef,2022-01-27 10:42:53.804946,22.19,26.51,57,1006.65
53,362938db-2585-4aba-94a7-9c2d2872db4f,2022-01-27 10:44:32.493816,22.15,26.58,64,1006.62
54,743ad326-1011-4c3d-914f-bdf73b85d7bf,2022-01-27 10:46:10.013277,22.12,26.63,60,1006.68
55,29a2b5d7-a20f-4dce-9dc1-fd14110762ed,2022-01-27 10:47:47.868930,22.07,26.66,62,1006.66
56,c88486ea-bc48-4a47-97e0-24de43f32315,2022-01-27 10:49:25.952496,22.04,26.71,65,1006.68
57,724e7be0-d212-4ab4-af60-f8147c5c03dc,2022-01-27 10:51:03.048241,21.98,26.84,62,1006.67
58,0bf5adf0-faf0-4f71-be73-f2c372844a4e,2022-01-27 10:52:40.477764,21.88,26.96,60,1006.7
59,9a74a6b8-38c7-49d7-b40b-9a2f0692c7bc,2022-01-27 10:54:18.447662,21.86,26.99,59,1006.71
60,aa6c0ecf-7fbc-46a1-961a-7bb8b71c8205,2022-01-27 10:55:57.822940,21.79,27.08,64,1006.71
61,a20ec038-7932-41bb-bcfa-d2ccfa30e553,2022-01-27 10:57:36.020680,21.84,27.04,64,1006.74
62,9beabeaf-c33e-4ee5-a715-043053fbe856,2022-01-27 10:59:13.714400,21.88,26.9,70,1006.71
63,024fe6dc-29cb-4da9-accc-d31ce0d38117,2022-01-27 11:00:50.827918,21.94,26.84,70,1006.72
64,fb406211-adf6-4be2-aa47-37711cbd990d,2022-01-27 11:02:28.335441,22.0,26.7,79,1006.73
65,0b213d4c-1e06-4e95-8ab1-ffc336d51b0c,2022-01-27 11:04:05.427058,22.03,26.62,87,1006.73
66,d78af782-aef7-41f2-a397-85b78022faae,2022-01-27 11:05:42.751284,22.09,26.51,96,1006.72
67,8862d8cd-410d-4640-8cc6-6d3b4013216a,2022-01-27 11:07:20.896393,22.12,26.46,110,1006.71
68,6aa246cf-623c-44dd-a66c-3189998fe868,2022-01-27 11:08:58.892031,22.16,26.33,102,1006.73
69,0eaa997c-8216-4d02-b21b-9678cfb95079,2022-01-27 11:10:36.721699,22.17,26.3,96,1006.74
70,9f134d11-e0bc-474c-b4c7-c7f6b724d459,2022-01-27 11:12:14.553258,22.2,26.23,89,1006.78
71,d3720596-f58a-4a6d-9a73-acd568e3bcfd,2022-01-27 11:13:52.058874,22.23,26.22,85,1006.76
72,24d1b843-aeef-449c-8917-cea862ce8bfa,2022-01-27 14:20:48.528575,22.03,26.93,75,1004.75
73,282d3e87-ee2d-4b1f-bf03-2efbb36ad53f,2022-01-27 14:23:50.300009,22.08,26.99,71,1004.74
74,4a8cfc6b-9315-405b-820f-e82a427ed563,2022-01-27 14:28:08.577707,22.14,26.8,76,1004.68
75,1f7d2da2-135a-4352-a2ce-2f18a6564a0c,2022-01-27 14:30:35.134046,22.14,26.66,91,1004.63
76,059d30e5-aa67-418c-9726-cb81b94d68c4,2022-01-27 14:34:32.412032,22.14,26.74,87,1004.64
77,f5ff4284-22b2-47ac-82c3-c1b0c7074b57,2022-01-27 14:36:38.650892,22.17,26.58,84,1004.63
78,58e57f13-f040-4e71-8de2-9afc026881be,2022-01-27 14:38:47.529726,22.19,26.53,81,1004.64
79,fb392a77-9a63-4819-8d50-5ae0a72244f3,2022-01-27 14:40:26.777244,22.23,26.65,81,1004.6
80,cc171ea1-755f-452b-97bc-6bceae82ce17,2022-01-27 14:43:47.033174,22.27,26.48,77,1004.63
81,13bb5261-00e5-4bfd-9366-aba16c8c2250,2022-01-27 14:45:22.190702,22.28,26.5,75,1004.61
82,797d8f26-92aa-4d56-a82b-88ceb90108e4,2022-01-27 15:48:30.704948,22.03,27.52,58,1004.97
83,8e8295e0-9e9b-40c0-b6f2-d132840f4fa4,2022-01-27 15:50:21.656171,22.04,27.32,52,1004.92
84,3e230896-3687-4420-918f-f23360a9ae58,2022-01-27 15:52:14.419370,22.03,27.57,55,1004.89
85,35d8da6d-3547-4e51-a4fc-6476f9622ca6,2022-01-27 15:53:53.862831,22.03,27.42,55,1004.86
86,bdd017c1-b452-453b-b924-ac9509a39f3a,2022-01-31 09:38:59.604130,20.81,33.03,214,990.38
87,b2ee8ce1-7558-4e74-857b-1bf9d518329c,2022-01-31 09:40:39.546149,20.85,33.24,216,990.31
88,180a79df-046f-46b5-a561-609bceb3bed7,2022-01-31 09:47:37.805354,20.98,32.87,208,990.15
89,d5f72431-1548-4c12-99b3-b039a2d3b325,2022-01-31 09:50:14.539819,21.04,32.83,210,990.11
90,94557b60-9a94-4095-899e-21d40a407efb,2022-01-31 09:55:05.485398,21.15,32.65,207,990.09
91,9df9a681-9d14-44b3-a343-72f563f794ce,2022-01-31 09:57:12.612462,21.18,32.62,211,990.09
92,b15a0a9b-6ecd-41e4-83d4-fd35054584f2,2022-01-31 09:58:53.626031,21.22,32.56,211,990.01
93,916ad6f6-4baa-4ada-9bed-6a9c2803a00e,2022-01-31 10:02:12.227211,21.29,32.47,213,990.0
94,22c49e3d-e393-45f6-bc7b-8f36ef8b74dd,2022-01-31 10:03:54.026738,21.33,32.37,211,989.94
95,f71e9a93-ac0d-434f-a441-a9e596ea003b,2022-01-31 10:08:23.846261,21.42,32.29,211,989.87
96,fb47918b-2aa8-45ab-9aba-6272919166b4,2022-01-31 10:10:05.607869,21.44,32.29,211,989.85
97,06ae6402-73ec-4154-8565-64236e937506,2022-01-31 10:17:35.165450,21.51,32.22,211,989.99
98,a699ff6b-f8d1-4ef1-b5ae-74d34f85b4ff,2022-01-31 10:19:17.639035,21.54,32.16,211,990.0
99,f191ecbb-cb4c-4c83-ab8b-53ee264f21c8,2022-01-31 10:58:05.139516,21.77,31.74,184,989.98
100,fe4d6a9e-c0ed-471b-9e9f-8483cca080ee,2022-01-31 10:59:47.843107,21.8,31.59,184,989.92
101,b6259f7c-f4ce-4be2-b202-2972289e5720,2022-01-31 11:01:29.150836,21.83,31.55,186,989.92
102,25a6766f-c6e2-4b4d-a08c-126ba6737d09,2022-01-31 11:03:11.942501,21.88,31.47,188,989.89
103,fa83e068-9ece-45a5-ae5f-796bb7dc7fed,2022-01-31 11:04:54.026147,21.9,31.48,191,989.85
104,ad2e0464-2f29-4839-b135-f4d69444929c,2022-02-02 08:07:59.638398,21.41,35.53,139,995.99
105,1869b4eb-eaca-4e1b-87b5-620f5e7c65ad,2022-02-02 08:09:40.864072,21.44,35.45,136,996.09
106,3a232702-c678-47d8-ade7-88fbe993f1c0,2022-02-02 08:11:44.319177,21.5,35.61,137,996.14
107,69409260-ce10-4289-b447-9a52fe4ba0ad,2022-02-02 08:13:25.940734,21.55,35.45,137,996.16
108,b6775e64-f422-42fa-887d-814cf3d66275,2022-02-02 08:15:07.950381,21.53,35.67,139,996.07
109,d69d65b5-5f8c-45ed-b5d2-459018aede5e,2022-02-02 08:16:49.305975,21.53,35.56,140,996.05
110,716197de-7de1-48ea-92d8-b6ff9ec0e2cd,2022-02-02 08:18:32.171553,21.53,35.42,139,996.13
111,3369e1f4-5665-463f-ab53-5d997c438de2,2022-02-02 08:20:25.312846,21.6,35.4,139,996.12
112,9564cdfb-7793-4f96-9ea8-a7bcddc8e649,2022-02-02 08:22:07.704348,21.68,35.33,138,996.13
113,88999dce-15bb-4a59-a661-32f21a4a2ceb,2022-02-02 08:23:49.759927,21.66,35.17,140,996.14
114,09c4f064-71db-4ec9-b298-00a98cb40de0,2022-02-02 08:25:31.695447,21.66,35.13,136,996.13
115,66e77793-baca-4010-9926-371cbf47cc7b,2022-02-02 08:45:22.418363,21.88,34.75,106,996.5
116,a47ad5ec-e2ee-4124-9bfd-7f49cb895d55,2022-02-02 09:01:00.535412,22.17,34.4,116,996.55
117,1df60463-0345-467e-b941-bffb646bda96,2022-02-02 09:05:31.838638,22.23,34.33,115,996.64
118,6b148b3f-707b-49bd-bda4-006812d6857e,2022-02-02 09:13:24.231217,22.39,34.14,122,996.65
119,c4a6455c-2f93-4a09-b77d-564813052a34,2022-02-07 10:55:52.524534,22.27,30.49,234,1001.81
120,f85df2e2-b12d-49c4-9ff5-ea67cb04c87b,2022-02-07 11:28:03.252494,22.01,30.7,169,1002.65
121,c8cce0c9-e01e-4962-b30c-90b0a4e3683d,2022-02-07 11:30:50.634618,22.02,30.52,158,1002.78
122,6761ad52-d426-4f65-b3bd-b71106aca9ea,2022-02-07 11:33:14.951242,22.06,30.48,152,1002.91
123,34530a9f-28f7-4997-bf06-178996a8cbd8,2022-02-07 11:35:21.718245,22.1,30.38,145,1003.03
124,c304de50-4cce-44d2-b168-03d779fd22c0,2022-02-07 11:36:19.480921,22.11,30.4,143,1003.01
125,9f83920b-9538-47e9-90ec-9203ac7f516b,2022-02-07 11:43:18.400843,21.83,27.32,15,1003.07
126,c9c28717-bff0-4b60-8420-418f7dbf68eb,2022-02-07 11:46:54.369441,21.24,29.49,55,1003.12
127,4243ea90-5969-4dad-a45a-4fc9c981a544,2022-02-07 11:49:38.091691,21.27,30.69,104,1003.19
128,26b642c1-ea67-45c5-b153-28d814ba123c,2022-02-14 09:53:22.780467,22.68,31.98,417,982.63
129,40464519-c9f0-4047-8ba6-1b8f6b016a72,2022-02-14 09:55:21.561999,22.77,31.49,319,982.63
130,6cbc85a4-6b7e-464d-b336-d11fada43763,2022-02-14 10:01:11.590746,22.87,31.38,194,982.59
131,87e63f6a-6daa-4952-920c-271acdd0418e,2022-02-14 10:03:16.336178,22.82,31.51,171,982.59
132,9470068a-e97e-4346-9d85-fcfe6e713c98,2022-02-14 10:04:57.899466,22.73,31.62,155,982.57
133,a1595482-db09-4f09-9dd7-15edb905e076,2022-02-14 10:06:39.460490,22.74,31.79,145,982.58
134,2ebf0c85-4d25-44b2-b710-c8987ff2fc41,2022-02-14 10:08:20.761357,22.76,31.81,138,982.54
135,471dcbf4-77f2-4ccd-ac0e-04de05279ef5,2022-02-23 09:03:29.782232,18.99,38.29,300,1005.28
136,aad7760f-c1b6-4d11-b0ca-cc1696ebcd57,2022-02-23 09:07:04.252826,19.04,38.15,250,1005.3
137,4a40faf8-15c9-4aec-a34d-e61ccc6c2b41,2022-02-23 09:10:54.515079,19.08,38.07,244,1005.34
138,df2a745b-0d7a-41aa-aaa2-3cddde245bbb,2022-02-23 09:12:44.482337,19.11,38.01,243,1005.34
139,d3672b03-6f57-4270-9c11-e8401aec769a,2022-02-23 09:14:48.559614,19.13,37.98,243,1005.36
140,c8baa5c6-34f1-4cc3-86a3-ba05f3d9e2be,2022-02-23 13:37:56.072618,22.07,32.44,47,1003.68
141,b7966642-4079-49e1-b024-3f5806d1ac52,2022-02-24 07:42:34.393884,20.0,34.47,167,993.02
142,ac7fe2da-e721-419c-8e7d-4723e18f7832,2022-02-24 07:43:44.623404,19.99,34.44,161,993.0
143,d726d7a9-8541-4e21-8540-dc789beb8a44,2022-02-24 07:46:50.316147,19.99,34.38,156,992.99
144,31e221d1-43eb-4bdb-a241-f640053caeac,2022-02-24 07:48:14.361576,20.0,34.39,158,992.97
145,4300fbbf-e7fc-47f2-a214-f3e1dce3ef6a,2022-02-24 07:53:29.335395,20.04,34.39,163,992.91
146,f4850b0b-7188-4bbf-bdf0-42f532267e46,2022-02-24 07:57:03.691916,20.09,34.49,176,992.94
147,a9887f00-b9c2-4eab-b3ad-4572ba30d2c8,2022-02-24 08:04:13.985891,20.2,34.56,194,992.85
148,4b2c09c8-9e88-4119-b827-8e9554f04324,2022-02-24 08:05:55.195336,20.24,34.56,197,992.85
149,753ada26-3133-4780-9219-3dd625aff71f,2022-02-24 13:12:39.749593,22.57,34.05,195,990.76
150,ede0b412-2a44-47f6-85a3-2f5526ff8b1a,2022-02-24 13:14:20.542924,22.6,34.12,197,990.79
151,0e26513d-426b-4db5-8ba3-3c6cf1d0e247,2022-02-24 13:18:02.297338,22.59,34.11,196,990.75
152,b91b5fda-8b76-416a-9465-2d2759d932ff,2022-02-24 13:19:42.964809,22.6,34.09,193,990.67
153,ee0bf39b-7633-47ef-9c00-1a90c418e5d4,2022-02-24 13:22:44.349342,22.6,34.14,190,990.72
154,222c098f-4108-4bda-a4cb-ae7ecd3c4a23,2022-02-24 13:25:13.548232,22.59,34.15,187,990.65
155,3e353c6b-5d64-494e-b74f-ed7e1d963150,2022-02-24 13:26:54.505391,22.61,34.15,188,990.63
156,29124729-53f5-41f9-974f-d77fa36c14bd,2022-02-24 13:28:35.872460,22.61,34.16,189,990.64
157,e41ca39e-f9a3-4c15-b7da-738b25a25f8b,2022-02-24 13:30:17.783725,22.62,34.21,192,990.69
158,1904f5fc-292a-4690-b4c4-c6dce35b6e7e,2022-02-24 13:32:23.590782,22.63,34.19,181,990.63
159,275b6bb0-bd9d-4265-a07c-96d43d5ed125,2022-02-24 13:34:04.499972,22.66,34.17,174,990.57
160,51add3fa-bb63-4bfd-a906-b6077c4617f1,2022-02-24 13:35:46.499238,22.67,34.23,177,990.56
161,0d853800-c19b-454c-af7e-b210cc3860d8,2022-03-01 14:07:50.950690,23.26,20.92,127,1003.72
162,1a9a9378-8e16-4963-9408-272c34b6ba91,2022-03-01 14:16:42.422340,23.34,21.12,147,1003.66
163,32692512-bc00-4b41-9f94-beb705b120ec,2022-03-01 14:24:19.477393,23.31,21.38,151,1003.57
164,2e72f83c-a3a3-4b46-831c-5bfdd3e53217,2022-03-01 14:41:22.985173,23.26,21.45,150,1003.47
165,e2f12a40-2e6d-49ea-a13f-c640f8b76fb7,2022-03-01 15:01:41.974629,23.27,21.01,140,1003.37
166,8285cd17-04a4-4579-b510-9b68473e4cca,2022-03-01 15:08:59.558749,23.29,20.71,122,1003.37
167,de07d8d7-13ca-4b1e-8eee-2346e6c2a872,2022-03-01 15:30:12.293648,23.41,21.32,145,1003.43
168,ad150dc3-e6d0-4640-a777-fa3a3ecddad2,2022-03-01 15:33:25.803969,23.36,21.11,142,1003.4
169,f44b388b-c661-48c7-9adb-8c9a7a24a08f,2022-03-01 15:45:35.614979,23.33,21.18,147,1003.31
170,ddb892c2-68f3-44a2-8b30-4d965d4670e5,2022-03-01 16:00:05.076844,23.33,21.54,164,1003.07
171,59f70327-a396-4c0d-b53b-002c7fe86733,2022-03-01 16:06:34.123389,23.33,21.61,167,1003.01
172,17682420-3d93-4ca4-a455-c266218009b2,2022-03-01 16:09:56.575824,23.36,21.61,172,1003.02
173,c0def778-b974-4e47-93ce-0356774f3846,2022-03-01 16:36:19.607555,23.18,21.61,165,1002.8
174,08eb3567-a8a1-41e2-98a1-5fd0e5b6e52e,2022-03-01 16:43:16.653972,23.15,21.59,164,1002.87
175,7c7a4c2d-30b8-40b4-bc21-86c7b267f605,2022-03-01 17:01:21.898898,23.15,21.61,166,1002.73
176,3b139801-b784-4acc-8c92-a97718adf992,2022-03-01 17:03:56.875774,23.16,21.7,162,1002.74
177,3f85d596-a7aa-4a00-8ffe-bb916c32314c,2022-03-01 17:13:58.190657,23.35,21.13,142,1002.69
178,0e388c26-43eb-4e3b-9b88-caf6abbe6a94,2022-03-01 17:18:56.830079,23.45,21.13,148,1002.66
179,8277f182-51b7-4f56-b5c5-5de0d315ed87,2022-03-01 17:21:32.734686,23.51,21.05,148,1002.67
180,aefce24e-c776-47ee-8dd6-2cc1c3236661,2022-03-01 17:58:09.569725,23.2,21.18,164,1002.69
181,0ab48351-f49c-4224-984c-ac9598c2199b,2022-03-03 12:47:36.671445,22.93,22.38,161,994.09
182,f15eee04-97c8-4c48-a6c0-2952d4740865,2022-03-03 12:58:38.427007,23.0,22.29,138,993.9
183,b2f3e354-3274-4385-8a96-31e32d3143f3,2022-03-03 13:03:49.222463,23.03,22.34,122,993.79
184,98dc88ac-5c49-43af-8a5b-75289ffb23ae,2022-03-03 13:13:31.512253,23.01,22.33,110,993.71
185,e37cc8f0-9330-4e41-adf0-dfeff8534d9a,2022-03-03 15:34:57.201181,23.49,21.69,60,992.33
186,96b160d6-397a-47d5-ba2d-3990fc31f156,2022-03-04 15:36:37.399330,23.19,20.61,150,995.02
187,db93cc9b-d114-4cfa-b463-2c45256b79f0,2022-03-04 15:38:13.963742,23.2,20.54,150,995.0
188,113d001e-1200-44f6-9919-c1c22c7e2692,2022-03-04 15:40:10.616628,23.19,19.99,134,994.98
189,e1144009-8275-4922-a38c-ce98150cde90,2022-03-04 15:42:13.622009,23.2,20.14,135,995.0
190,3f2afa75-27c6-4b33-8ad4-438076b48e81,2022-03-04 15:43:58.350575,23.2,20.21,138,994.99
191,126d6fec-aeac-4f0b-9c9b-f278c88f3177,2022-03-08 14:38:04.819430,22.78,18.67,214,996.31
192,12cf8112-45e7-4c08-a14f-a38fdf38dba9,2022-03-14 11:18:50.949144,22.63,32.36,221,1005.06
193,98f9be76-045e-4e1c-b47a-8f82f0c9cb1c,2022-03-14 11:20:55.168388,22.65,32.4,226,1005.07
194,15abf071-456a-4645-b204-9e0ba958ab70,2022-03-15 08:16:51.387514,21.27,30.95,204,1002.59
195,108b1677-53ee-44f9-b1bf-93ec4bd8aee7,2022-03-15 08:24:10.053080,21.45,30.81,209,1002.58
196,6fd19286-26da-4302-9014-7190d79ac632,2022-03-15 08:30:50.963282,21.57,30.68,205,1002.58
197,66b469d2-1e7f-46f4-a212-8e54d6d35c6a,2022-03-15 08:44:20.188760,21.75,30.69,225,1002.37
198,c2d88893-c25d-4f65-97a0-0a6cb4f19355,2022-03-15 08:47:20.385262,21.79,30.56,214,1002.37
199,c50fa2ee-1b34-4bf9-8a0a-8877db94647c,2022-03-15 08:50:18.787723,21.82,30.57,213,1002.32
200,77a52cc1-9ca8-4c03-a56e-6302f5f060e2,2022-03-15 08:55:08.298048,21.89,30.6,210,1002.22
201,82d1b96a-e168-41e0-8d8d-02b48bf0e8e8,2022-03-15 08:56:50.480385,21.91,30.64,212,1002.23
202,6616fab3-23cb-4892-8e85-9b4337f5c8e3,2022-03-15 08:59:01.045320,21.94,30.56,211,1002.16
203,5a3d6cb9-cae7-4beb-8908-152038841ccb,2022-03-15 09:01:07.453142,22.0,30.57,214,1002.15
204,6a06f308-f254-488c-840c-a293ead06986,2022-03-15 09:02:13.121968,22.01,30.53,219,1002.1
205,e97256f5-4c93-427b-b2db-0d5ba9d6f146,2022-03-15 09:06:38.401845,22.1,30.49,221,1001.94
206,6376a8da-693c-4b3f-a1d0-9f751ade8dcf,2022-03-15 09:12:01.513189,22.19,30.41,219,1001.92
207,276a765b-ff2a-4f58-b5af-853345c378d2,2022-03-15 09:14:41.385928,22.19,30.45,214,1002.06
208,87e669a6-2c63-4277-b1a5-6be705a39b3d,2022-03-15 09:16:21.109001,22.19,30.44,213,1002.04
209,5b238f4f-abc6-4e50-9628-2275ee20526d,2022-03-15 09:18:33.723899,22.2,30.47,214,1001.88
210,f65cbcf9-939e-4f30-9eac-90342399bceb,2022-03-15 09:20:13.853082,22.22,30.5,215,1001.84
211,0aa3eec3-1145-4da4-b500-839f5aae82d9,2022-03-15 09:21:54.334267,22.21,30.53,215,1001.79
212,d4423836-c999-4341-8533-4020bfcaf7d9,2022-03-15 09:24:20.078987,22.24,30.57,217,1001.8
213,99ff0950-aef4-4e0a-bfaa-f39849d80c55,2022-03-15 09:26:00.522107,22.25,30.52,217,1001.81
214,66926b14-771d-494a-970e-8623f9fe7b02,2022-03-15 09:28:08.910909,22.26,30.6,218,1001.8
215,0672798b-5335-470c-9105-8f9fe1c155b9,2022-03-15 09:29:49.407965,22.28,30.73,223,1001.76
216,833724d3-e55d-45db-979d-8106ef729099,2022-03-15 09:30:53.309381,22.29,30.6,223,1001.74
217,a55f559a-0eea-46ee-b003-2998b80c175c,2022-03-15 09:32:10.480652,22.29,30.59,223,1001.73
218,a0170605-ab65-416a-b591-d8f4a23dc5ed,2022-03-15 09:33:50.449799,22.3,30.57,224,1001.7
219,3bbd506b-7f97-4360-b984-ed686c456fe6,2022-03-15 09:35:30.812713,22.33,30.67,227,1001.7
220,2f82f460-a6ce-4744-8bc1-51d9b504e420,2022-03-15 09:37:11.373852,22.34,30.63,230,1001.67
221,228e0c0d-c723-4141-8b6f-deffb3dc697f,2022-03-15 09:40:00.253996,22.32,30.7,235,1001.64
222,dafa7e9c-fc49-48f6-bb87-85fe43714d12,2022-03-15 09:42:49.998529,22.31,30.92,231,1001.58
223,be24af01-3177-4b8f-aab5-a23ccb151f10,2022-03-15 09:44:29.837640,22.29,30.91,235,1001.53
224,27855e4a-8600-4583-ab27-ea94e9c9fca7,2022-03-15 09:47:15.240221,22.25,31.12,233,1001.44
225,d25fa695-b7e1-464b-b1dc-d1991831112f,2022-03-15 09:48:55.879307,22.22,31.24,232,1001.43
226,1ebc8f90-a886-4582-9e26-3d6718f37e9e,2022-03-15 09:52:10.169786,22.14,31.38,234,1001.45
227,08dd96ce-b9b8-4ad2-abd2-16b908341cf3,2022-03-15 09:53:50.712980,22.11,31.51,230,1001.44
228,fa38fbf0-d2e7-4945-9b17-0359a102ccbc,2022-03-15 09:55:31.012124,22.08,31.54,230,1001.4
229,2989c520-2e17-48f7-9cb4-b403419a2ec8,2022-03-15 09:57:10.501291,22.07,31.62,232,1001.35
230,abc96cca-3fda-4f8c-b069-101651e8a4b2,2022-03-15 09:59:36.517958,22.06,31.61,234,1001.3
231,f8970959-61a6-45cf-a9ba-55240fdcc957,2022-03-15 10:01:17.011096,22.09,31.57,239,1001.29
232,b0361a95-4e4e-4bfe-a2ec-d1f78a5314d8,2022-03-15 10:04:36.021163,22.14,31.39,245,1001.29
233,b9541b79-63ba-431e-80f7-58d1ef2a07c4,2022-03-15 10:06:16.518358,22.19,31.3,248,1001.27
234,3de6a6cc-11b4-45d2-b8f3-99966696e396,2022-03-15 10:08:21.175268,22.22,31.26,247,1001.26
235,f468cb25-8d4d-4bdb-96e8-b9150c35c5c5,2022-03-15 10:10:09.388479,22.25,31.19,248,1001.23
236,ec42982b-4bc7-4465-adc9-029912a97106,2022-03-15 10:11:49.309762,22.28,31.15,246,1001.23
237,97cd7d81-d2bc-47cd-9842-deed687fcd19,2022-03-15 10:13:29.428949,22.3,31.18,244,1001.2
238,024f6026-82ee-424c-817c-7cc0d1a00ad2,2022-03-15 10:15:09.428122,22.33,31.17,245,1001.2
239,ce0ef801-fc2d-42f3-b899-ad7e97fe3ac8,2022-03-15 10:20:30.943509,22.39,31.19,243,1001.24
240,e7826be3-79ba-4a13-ac19-fd17c743e7e8,2022-03-15 10:23:40.455874,22.42,31.11,246,1001.17
241,46c26878-da45-4185-bb23-1ea1e73d6b26,2022-03-15 10:25:20.157064,22.44,31.09,244,1001.17
242,ce7c47cc-5a8a-47ec-94b9-980ab93da470,2022-03-15 10:27:53.929734,22.45,31.17,243,1001.11
243,7878e135-c638-48c8-afbe-a76c64dec9ad,2022-03-15 10:29:33.996928,22.47,31.11,241,1001.13
244,ac93e743-ba09-4f4a-b6c9-bd753911a07b,2022-03-15 10:31:54.187888,22.49,31.1,244,1001.13
245,e23bc378-b884-42e3-9d6b-24fddc7d756b,2022-03-15 10:33:34.942855,22.49,31.12,244,1001.15
246,71fa2e56-c9a3-410c-af32-e8724b2f9ac9,2022-03-15 10:35:15.359999,22.48,31.18,245,1001.06
247,09da67e0-9751-4415-ac10-071f84250b9d,2022-03-15 10:36:55.897088,22.47,31.3,246,1000.99
248,c59a6067-c84d-410b-8dd4-38a7252ce032,2022-03-15 10:38:36.260255,22.43,31.37,247,1000.91
249,a11c5604-96d8-4532-9cd0-ad2316448780,2022-03-15 10:40:16.705345,22.41,31.53,247,1000.89
250,7aa658ae-312a-4591-bad6-a3dcae331d81,2022-03-15 10:43:04.767796,22.36,31.75,242,1000.88
251,7c6e1899-5a1d-4e3a-823f-ade79a18b62d,2022-03-15 10:44:45.130806,22.35,31.88,244,1000.85
252,11194907-29c0-4a29-826a-8be496645729,2022-03-15 10:47:26.351166,22.32,31.96,242,1000.8
253,32f61413-66c2-4d22-8223-7ffe4faf684c,2022-03-15 10:49:06.794097,22.28,32.05,241,1000.74
254,1a7b73e2-d325-45d2-bfbe-33101d204e33,2022-03-15 10:50:46.959158,22.26,32.13,242,1000.7
255,25703ca1-2e8e-4e21-88dd-8de9d8c7c54c,2022-03-15 10:52:27.118311,22.25,32.04,243,1000.66
256,8a954ea5-96f1-4c50-90df-162070ae57ab,2022-03-15 10:54:31.799110,22.25,32.15,250,1000.63
257,d72653a8-ec06-4ed8-8d5e-e5d94e501363,2022-03-15 10:56:12.176221,22.25,32.21,250,1000.59
258,bf56d735-5527-4e5c-a5f0-b95ba8742d4f,2022-03-15 10:58:10.773015,22.25,32.2,249,1000.55
259,63b5390a-5e6e-4527-ae56-97c766ee3829,2022-03-15 11:00:05.769889,22.3,32.0,245,1000.49
260,b6aa10ab-342b-4eb9-a9b1-fefbc2879173,2022-03-15 11:01:45.919012,22.35,31.83,249,1000.4
261,d27e71f1-0310-4a10-9439-60526dbc5ff0,2022-03-15 11:03:26.634198,22.39,31.65,250,1000.33
262,7ca69255-14dd-4de1-b46f-8a67a058f104,2022-03-15 11:05:07.703345,22.42,31.64,247,1000.3
263,69b12aa2-f78e-40dc-a495-dc1ac03900f4,2022-03-15 11:07:05.908364,22.45,31.72,246,1000.24
264,6f41c11b-1efb-4f73-b676-f2f1fec746ce,2022-03-15 11:08:45.779627,22.49,31.68,248,1000.22
265,36e7b95c-6f77-4a31-bbbe-c6f188d94620,2022-03-15 11:09:57.682965,22.5,31.77,246,1000.25
266,64d1b00d-9da2-4c99-8afd-b6b71dd40faa,2022-03-15 11:12:26.987849,22.54,31.58,247,1000.2
267,f26fb8a3-525d-4e09-9de3-06a95644ecbb,2022-03-15 11:14:07.471058,22.59,31.52,248,1000.21
268,61ee2290-2921-447c-8164-1dc5b5d844ae,2022-03-15 11:15:48.322129,22.62,31.52,247,1000.2
269,bd20a5a2-f16e-4866-bec6-279bcfc80b7e,2022-03-15 11:17:53.793119,22.64,31.49,247,1000.16
270,3bc5f155-10b9-4c98-8b3e-34dd0410e03e,2022-03-15 11:20:12.229951,22.66,31.46,247,1000.09
271,436170f8-7963-4e18-af8b-3891d4b9bc59,2022-03-15 11:21:52.898177,22.66,31.49,249,1000.05
272,e23dc417-8daa-4dfe-8b3c-024762504c86,2022-03-15 11:23:33.332545,22.65,31.6,246,1000.02
273,86b78219-a2f3-4cdf-b506-c101e0d69245,2022-03-15 11:25:13.655736,22.63,31.79,245,999.99
274,a20dfeea-ae8b-4200-806f-a6cafd944206,2022-03-15 11:26:54.526797,22.6,31.89,244,999.94
275,3732d335-096f-4d56-913d-8cbd6371e039,2022-03-15 11:28:35.006028,22.56,32.06,239,999.92
276,ff8dd08b-c136-4189-9f0e-85b0e94d1ec1,2022-03-15 11:31:12.488578,22.51,32.3,238,999.84
277,283972a9-0887-4ce4-8705-2784c3886f5b,2022-03-15 11:32:53.081645,22.48,32.31,240,999.82
278,1e9f390e-4fe6-447f-b01a-85b882730a9a,2022-03-15 11:34:33.576787,22.46,32.33,241,999.76
279,1640f8f8-b357-4cc1-96e5-df41ee9ee907,2022-03-15 11:36:38.683541,22.43,32.48,242,999.79
280,c91e8f9e-721d-4b52-b631-bed6501adba3,2022-03-15 11:38:19.004601,22.41,32.56,244,999.82
281,e087b7fb-11c2-4719-9fff-dd8417de5d25,2022-03-15 11:39:59.379658,22.41,32.61,242,999.81
282,5099849b-a4b1-4823-8cab-cfdbadac3ebc,2022-03-15 11:41:39.738660,22.37,32.59,243,999.81
283,fc75fa8c-2535-459a-aea7-cc79d456507d,2022-03-15 11:48:09.886944,22.28,32.85,237,999.75
284,9df2bda8-94ba-45e6-9975-477a7b29bdc7,2022-03-15 11:49:50.444048,22.31,32.86,237,999.73
285,80044d3b-6aae-42bb-aca3-529ea4bd1479,2022-03-15 11:51:31.143018,22.32,32.92,237,999.69
286,1ee63d0d-0014-44dd-87c3-36bd67b2d60c,2022-03-15 11:53:31.527923,22.38,32.48,240,999.57
287,93526455-2a08-4fa5-a5e6-86a7e620fd41,2022-03-15 11:55:12.224961,22.43,32.57,237,999.5
288,9b420eae-b829-4006-aaf6-bd284910544d,2022-03-15 11:56:52.768091,22.45,32.35,233,999.47
289,7e1f17ad-8284-4eb2-8204-2d95efbcbd9f,2022-03-15 14:16:12.949401,22.94,34.24,197,998.24
290,a93ac858-7421-4974-9283-6825ca8dd8f1,2022-03-15 14:16:57.443029,22.92,34.37,197,998.27
291,befcf363-320b-44e9-876c-b8c58ceafe1f,2022-03-15 14:18:52.974073,22.88,34.54,196,998.25
292,36b75843-5333-4dfa-af32-a3027119f95b,2022-03-15 14:20:35.155368,22.85,34.65,199,998.19
293,638f9a7d-20ee-4834-9a1b-8c186ffafc08,2022-03-15 14:22:17.570471,22.84,34.6,200,998.19
294,b1ef4fbd-0fb1-4cc6-a4af-16a101a56cd7,2022-03-15 14:23:59.839743,22.82,34.59,202,998.19
295,19230fd2-dc7b-47dd-81dd-82eb2cc64cf2,2022-03-15 14:25:42.154790,22.77,34.93,199,998.18
296,c7a0b633-a846-473a-a7b3-65775c9bc37e,2022-03-15 14:27:24.373960,22.77,34.78,195,998.22
297,887968ca-288b-4a2c-b73e-3eb48b70cbed,2022-03-15 14:29:06.369072,22.77,34.86,200,998.25
298,d00dc2f5-50a3-405f-b7e9-a1cdc1c2a94a,2022-03-15 14:30:48.524315,22.77,34.8,202,998.28
299,a9a4beb5-9bec-4f42-98bf-4a894cdf75cf,2022-03-15 14:32:30.499378,22.76,34.78,199,998.37
300,ab0ec6fa-1b4e-4c89-984c-dc2c87c783df,2022-03-15 14:34:12.074473,22.75,34.9,196,998.31
301,fc4aeb51-123b-43f1-a17e-7c4be3fe98dd,2022-03-15 14:35:53.669610,22.72,35.07,197,998.29
302,1cca0e60-7740-4022-92f4-4b68a9cd41bb,2022-03-15 14:37:34.756698,22.72,35.01,199,998.3
303,8911509b-5694-45f7-9029-bf4738ca5a17,2022-03-15 14:39:17.165871,22.71,34.94,199,998.27
304,097649e0-b15b-467f-b4c9-f751b999c9c8,2022-03-15 14:40:59.268980,22.7,34.94,199,998.29
305,5d3ba628-ca97-41fe-80de-069556ce03f8,2022-03-15 14:42:41.212202,22.67,35.02,194,998.28
306,5493303f-b770-4a79-bb52-5070849713bb,2022-03-15 14:44:23.311486,22.65,35.21,195,998.17
307,123a54c2-cb50-4c4c-90f2-58b3445c5463,2022-03-15 14:46:05.632625,22.66,35.22,193,998.09
308,b455ccaf-3f51-44b9-8cf5-692cd94d8281,2022-03-15 14:56:33.669557,22.72,34.72,197,998.09
309,afe522c5-5a44-4b32-b400-33a6c055369f,2022-03-15 14:57:51.518921,22.75,34.72,201,998.13
310,e145409f-2626-4ae9-a4bd-3a03b04dca14,2022-03-15 14:59:33.312343,22.79,34.65,201,998.12
311,466f8952-61b9-40f7-b70f-8ebd91a6b9df,2022-03-15 15:01:15.257551,22.81,34.72,204,998.11
312,8588e2cb-c89d-4816-bf70-f1601aa248da,2022-03-15 15:03:16.684674,22.86,34.59,205,998.14
313,c4e238fa-77d6-4731-9f5e-42fff9d5b77d,2022-03-15 15:04:58.725927,22.89,34.52,204,998.11
314,c5785327-9ead-475a-9516-f654dbc731c1,2022-03-15 15:06:40.817226,22.86,34.51,207,998.1
315,da80e7e4-4aa1-4544-81d6-d73fd14ef236,2022-03-15 15:08:23.434509,22.85,34.62,213,998.09
316,716630c5-7588-4d39-8d66-1c9d4086cc76,2022-03-15 15:10:30.857489,22.83,34.88,219,998.04
317,3bc48182-5409-47f2-9282-af114291f40b,2022-03-15 15:13:02.530390,22.8,35.18,228,997.99
318,5affdacb-d6bd-4361-9216-13924de4b88b,2022-03-15 15:14:43.937733,22.78,35.21,233,998.04
319,8afd02bc-9b53-452d-b1fd-0336533f5338,2022-03-15 15:16:25.092711,22.78,35.33,234,998.02
320,39cfd878-a9d8-4b73-8cb6-f3c662c95a31,2022-03-15 15:18:31.911482,22.77,35.34,235,997.96
321,5c698464-bae5-4a7c-ae11-bf80dbf45e65,2022-03-15 15:20:14.998611,22.76,35.4,237,997.98
322,d3e30566-06ad-46ce-9aaa-5dccafd19860,2022-03-15 15:22:03.587550,22.74,35.49,236,998.01
323,a0f2e995-2ff5-47a0-a7fb-2a2c55d82ada,2022-03-15 15:23:44.372808,22.73,35.66,242,998.07
324,0e14cc43-0431-473e-9e7f-00491d5a3519,2022-03-15 15:25:25.619918,22.73,35.64,243,998.12
325,85367c88-be60-40b3-8596-f531509b330c,2022-03-15 15:27:30.365027,22.71,35.7,243,998.16
326,9ca3cfbf-2f5d-47ef-92cd-7c07be0463c5,2022-03-15 15:28:41.404434,22.7,35.75,243,998.17
327,72074fe4-4a1e-4673-abad-25857fca4ecd,2022-03-15 15:30:22.791647,22.71,35.81,249,998.14
328,f6e3eec3-4e00-4f65-b431-8690f2bf6b1e,2022-03-15 15:32:03.330899,22.7,35.84,250,998.12
329,37ae2df0-ec73-4090-b274-2997eda64d88,2022-03-15 15:34:07.985933,22.68,35.83,246,998.15
330,1d278e33-9e78-43bf-86b9-70df34b4e761,2022-03-15 15:35:48.199179,22.67,35.73,247,998.18
331,f48ff6f8-47a0-4625-96d7-33e1db1042e5,2022-03-15 15:37:52.520198,22.66,35.82,245,998.22
332,c1d220c4-45ae-477a-a813-8587ba924247,2022-03-15 15:39:33.419434,22.64,35.81,243,998.19
333,f3718da1-175e-45c7-ac62-71cea9c62265,2022-03-15 15:41:13.904662,22.64,35.88,246,998.22
334,7f826cf1-f494-4a66-8d5d-8bb656da1656,2022-03-15 15:43:32.911537,22.63,35.83,243,998.21
335,efa760eb-aa1d-4a6c-9c49-68b714e70f8f,2022-03-15 15:45:13.182790,22.6,35.92,244,998.22
336,79b0dbcf-d9dc-4542-87da-ee11983a3875,2022-03-15 15:46:53.372052,22.6,35.86,245,998.23
337,d643a692-a4b7-41b7-becf-2c354b7e7cd6,2022-03-15 15:48:33.901281,22.62,35.76,246,998.26
338,6633e858-b07a-4331-9e63-90968c7f8976,2022-03-15 15:50:30.948317,22.63,35.39,244,998.2
339,5cfefc29-69b6-4c5f-b7cb-b2b215588277,2022-03-15 15:52:11.931568,22.66,35.33,245,998.16
340,c594788c-700e-4267-8fd0-519a7ca0e2b3,2022-03-15 15:53:52.582750,22.68,35.32,245,998.14
341,e2a439ae-ff8a-4585-a99b-800cf7673d65,2022-03-15 15:55:46.967845,22.7,35.43,249,998.14
342,42d002a0-08d6-4574-b1d6-58b3158096c0,2022-03-15 15:57:26.951115,22.76,35.2,246,998.18
343,d746d64c-abc0-4ad9-8f5e-bf7bfda6cd8f,2022-03-15 15:59:31.498187,22.77,35.71,247,998.21
344,ce715847-dc80-4b75-9588-68c489875578,2022-03-15 16:01:41.715218,22.79,35.23,248,998.19
345,448938f7-377f-475d-b0f5-a69ece93234c,2022-03-15 16:04:04.048092,22.84,35.12,247,998.22
346,ce567de3-19fb-4f26-89a2-11a9a1cc1dcb,2022-03-15 16:06:26.053138,22.85,35.03,246,998.18
347,d09ee3f8-e9da-4a68-a7cc-cd1b0d4ec0b1,2022-03-15 16:08:48.751797,22.82,35.12,248,998.16
348,1d2a6d96-233b-48bc-b234-aa036662039a,2022-03-15 16:11:11.541058,22.78,35.3,249,998.17
349,577e1742-2004-4c63-b310-27b1affbb4f3,2022-03-15 16:13:32.984131,22.75,35.42,251,998.15
350,c16b5e17-19d9-4c6b-95c6-7411f321a140,2022-03-15 16:17:08.592468,22.69,35.81,249,998.09
351,7ddf1644-4a2d-4a38-a8ab-13229cf69b62,2022-03-15 16:19:31.163168,22.67,35.99,246,998.05
352,e9c0fb17-70d2-444a-8729-1963e631a799,2022-03-15 16:21:53.206343,22.66,35.94,246,997.97
353,7693b569-bd28-443a-9b6c-354a02604a46,2022-03-15 16:24:15.877402,22.64,36.05,247,997.89
354,57fd736f-3be2-4ab7-9af7-c6c9c6b626cb,2022-03-15 16:26:38.446489,22.63,36.07,247,997.83
355,2daf217b-f87c-4de6-b291-01252dc555dd,2022-03-15 16:29:00.245498,22.61,36.17,248,997.8
356,ec162a92-e937-4f61-a6e8-704d68f4bbfa,2022-03-15 16:37:03.460111,22.56,36.3,245,997.85
357,e620d5a0-cf53-48a5-ae07-af9ff65d5d9c,2022-03-15 16:39:25.861123,22.55,36.36,248,997.93
358,94c58c36-846e-4341-a62b-53b36d543c7c,2022-03-15 16:41:48.272105,22.54,36.38,249,997.97
359,0528f25f-da0d-4686-961e-1b3b63b1f4ef,2022-03-15 16:44:10.295030,22.54,36.35,249,998.0
360,7bebe0be-1746-4443-a3b5-d0c4f260078f,2022-03-15 16:47:08.383749,22.54,36.42,248,997.96
361,64256b7f-e067-4d9b-a278-3b4d7cfa314e,2022-03-15 16:51:44.955697,22.51,36.47,249,998.03
362,215e698d-866a-401d-870e-60e446deccc3,2022-03-15 16:53:25.666979,22.51,36.6,249,998.03
363,65a8bf1a-7140-4b24-be7c-a36a7a2db5ba,2022-03-15 16:55:51.803771,22.51,36.36,246,998.04
364,29f0adb1-671e-4aba-9ef6-0b0ece756f42,2022-03-15 16:59:28.114381,22.54,35.89,241,998.09
365,04ce4665-2c50-43c0-92f3-5ab49c31f412,2022-03-16 12:34:08.684106,23.3,34.55,169,1000.2
366,f1cd07e0-ee86-4897-9d36-71f7ca3c3f4a,2022-03-16 12:41:08.506387,23.37,34.56,172,1000.23
367,58fd5d94-1082-44e8-9090-ff004153ef12,2022-03-16 12:43:06.847810,23.41,34.52,173,1000.19
368,d20d76cf-e3d9-48ad-8a76-f8c2a0bf5ad8,2022-03-16 12:57:52.617718,23.35,34.97,187,999.89
369,5239d8aa-ae9f-4a2c-b298-ec9e4026d82f,2022-04-27 09:35:37.165696,21.67,33.96,143,1000.13
370,eb006f7e-35b0-4bdf-8e24-e5965e03c454,2022-05-03 15:34:27.537143,23.45,35.39,193,992.73
371,c24732b2-a760-4315-b29d-b3ca44affb26,2022-05-04 08:04:30.183196,23.45,35.29,193,995.02
372,c8765708-10aa-45ba-bb2c-a3c171bbcaff,2022-05-12 19:11:52.231834,28.84,30.95,151,995.06
373,aa0d9200-5c90-4d3d-adb4-27045c6855c9,2022-06-02 09:05:29.429629,25.5,30.09,181,996.88
374,08537450-510f-4b99-b552-49d263e6f611,2022-06-02 09:10:29.639074,25.56,30.02,174,996.82
375,3f86f547-5489-45cc-b4f1-e3735b34c40e,2022-06-02 09:12:07.578195,25.57,29.88,175,996.81
376,fa720546-75dd-4af3-a680-023884a45edc,2022-06-02 09:14:37.566409,25.59,29.88,177,996.86
377,2fca757b-9977-4600-a519-fe15a061d5ea,2022-06-02 09:16:15.519023,25.61,29.82,175,996.84
